id,moodcond,filmtype,fem1mal0,age,relyrs,relmos,neo1,neo2,neo3,neo4,neo5,neo6,neo7,neo8,neo9,neo10,neo11,neo12,neo13,neo14,neo15,neo16,neo17,neo18,neo19,neo20,neo21,neo22,neo23,neo24,neo25,neo26,neo27,neo28,neo29,neo30,neo31,neo32,neo33,neo34,neo35,neo36,neo37,neo38,neo39,neo40,neo41,neo42,neo43,neo44,neo45,neo46,neo47,neo48,neo49,neo50,neo51,neo52,neo53,neo54,neo55,neo56,neo57,neo58,neo59,neo60,dep1,dep2,dep3,dep4,dep5,dep6,dep7,dep8,dep9,dep10,dep11,dep12,dep13,dep14,dep15,dep16,dep17,dep18,dep19,dep20,anx1,anx2,anx3,anx4,anx5,anx6,anx7,anx8,anx9,anx10,anx11,anx12,anx13,anx14,anx15,anx16,anx17,anx18,anx19,anx20,vit1,vit2,vit3,vit4,vit5,vit6,vit7,emm1,emm2,emm3,emm4,emm5,emm6,emm7,emm8,emm9,lsat1,lsat2,lsat3,lsat4,lsat5,pair1,pair2,pair3,pair4,pair5,pair6,pair7,pair8,pair9,pair10,pair11,pair12,pair13,pair14,pair15,pair16,pair17,pair18,pair19,pair20,pair21,pair22,pair23,pair24,nsat1,nsat2,nsat3,nsat4,nsat5,nsat6,nsat7,nsat8,nsat9,attach1,attach2,attach3,attach4,attach5,attach6,attach7,attach8,attach9,attach10,attach11,attach12,attach13,attach14,attach15,attach16,attach17,attach18,attach19,attach20,attach21,attach22,attach23,attach24,attach25,attach26,attach27,attach28,attach29,attach30,attach31,attach32,attach33,attach34,attach35,attach36,att1,att2,att3,att4,neo1r,neo3r,neo8r,neo9r,neo12r,neo14r,neo15r,neo16r,neo18r,neo23r,neo24r,neo27r,neo29r,neo30r,neo31r,neo33r,neo38r,neo39r,neo42r,neo44r,neo45r,neo46r,neo48r,neo54r,neo55r,neo57r,neo59r,dep4r,dep8r,dep12r,dep16r,anx1r,anx3r,anx5r,anx6r,anx7r,anx9r,anx11r,anx15r,anx16r,anx17r,vit2r,pair6r,pair7r,pair8r,pair9r,pair10r,pair11r,pair15r,pair17r,pair19r,pair20r,pair21r,pair22r,nsat4r,nsat6r,nsat9r,attach3r,attach15r,attach19r,attach25r,attach27r,attach29r,attach31r,attach33r,attach35r,attach22r,neuro,extra,open,agr,consc,dep,anx,vit,emm,lsat,pair,nsat,attavoid,attanx,sec,aself,aoth,pet
1,0,0,1,54,32,3,7,4,7,7,7,1,7,4,2,7,1,1,6,1,1,7,7,1,4,7,1,7,4,4,5,1,4,7,6,1,7,7,2,6,7,1,7,1,5,7,1,1,6,5,1,7,7,1,7,7,1,7,7,1,1,1,4,7,5,7,1,1,1,7,1,1,1,7,1,1,2,7,1,1,1,7,1,1,1,1,6,1,7,1,7,7,7,1,7,2,7,1,2,2,7,7,7,1,1,1,7,1,7,7,7,7,7,1,1,1,1,2,2,1,1,1,5,5,5,5,5,7,5,6,6,7,1,1,1,1,1,1,7,6,4,1,6,1,6,1,2,1,1,7,7,7,6,7,1,7,1,7,7,1,1,1,7,1,1,1,1,1,1,1,1,1,1,2,7,1,1,1,7,1,3,7,1,1,7,1,7,1,6,1,6,1,6,1,5,1,7,2,1,1,1,1,4,6,7,7,7,1,7,4,4,4,2,7,1,6,7,3,7,3,7,1,7,7,7,4,3,1,1,1,1,2,1,1,1,1,1,1,1,1,1,7,7,7,7,7,7,7,7,7,7,6,7,7,7,7,7,1,1,1,1,1,2,2,2,3,1,1,6.25,5.75,4.916666667,6.833333333,1.05,1.2,7,1.222222222,5,6.541666667,6.888888889,1.388888889,1.055555556,17,7,5,1
2,1,0,1,38,7,9,1,1,3,7,7,1,7,3,1,5,2,2,6,4,5,6,6,5,6,7,5,4,6,5,3,1,5,6,5,4,6,5,1,5,5,1,6,4,5,7,2,1,3,5,2,7,2,2,7,7,1,6,7,3,1,1,7,7,5,4,1,1,1,7,2,1,1,7,1,1,2,7,1,1,1,7,1,1,1,1,6,1,7,1,6,7,7,1,7,2,7,2,1,1,6,6,7,1,2,1,7,2,7,7,6,5,7,1,1,1,2,1,2,1,1,2,5,5,5,3,5,7,4,6,7,5,6,1,1,1,4,1,6,7,3,1,6,2,4,4,2,1,1,6,7,7,7,7,1,7,1,6,5,1,2,1,6,1,3,1,2,1,2,1,2,1,1,1,7,1,1,2,6,2,3,7,1,2,6,1,6,2,6,2,6,4,6,6,5,1,7,5,1,2,7,5,5,7,6,4,3,2,3,2,3,3,3,4,2,7,4,3,7,3,6,1,6,5,7,1,3,1,1,1,1,2,1,2,1,1,1,1,2,2,1,6,2,7,7,7,4,7,7,6,4,6,7,7,7,7,7,2,1,2,2,2,2,2,2,3,1,2.166666667,4.5,5.083333333,4.666666667,5.416666667,1.1,1.35,6.428571429,1.333333333,4.6,5.791666667,6.666666667,1.944444444,1.722222222,13,9,1,1
3,0,0,0,35,13,4,2,4,4,7,5,1,7,7,1,6,1,7,7,4,1,7,7,4,4,7,1,4,4,2,7,1,4,7,6,1,7,6,4,7,7,5,6,7,1,7,1,1,1,6,1,7,7,1,7,7,1,6,7,1,1,1,4,4,1,7,1,1,1,7,1,1,1,6,1,1,3,6,1,1,1,6,1,1,1,1,6,1,6,5,7,6,6,1,6,1,6,1,1,1,6,6,6,1,1,1,6,1,6,6,6,5,6,1,1,1,1,1,1,4,2,1,5,4,4,4,4,7,7,7,4,2,3,1,4,1,6,1,2,4,1,2,7,1,1,4,4,1,1,6,7,5,6,6,2,7,2,6,6,2,7,2,6,7,2,4,2,7,2,6,2,1,1,1,6,1,1,4,6,1,5,4,1,1,6,1,7,1,7,2,7,2,6,1,5,2,6,7,1,6,6,4,1,7,1,4,7,1,4,4,6,4,2,7,1,4,1,7,7,2,7,1,7,7,7,4,7,1,2,2,2,2,2,1,2,2,2,2,2,2,2,7,5,7,4,7,2,7,6,7,4,4,7,7,6,6,6,2,2,2,2,1,1,1,2,3,4,1.75,5.25,4.25,5.583333333,6.75,1.25,1.65,6,1.444444444,4.2,5.083333333,6,2.166666667,2.666666667,4,6,-6,0
4,0,0,0,62,40,2,7,7,7,7,7,1,7,7,1,7,1,1,6,1,1,7,7,3,5,7,1,7,6,1,7,1,1,6,3,1,7,5,4,7,7,2,6,7,1,7,1,1,4,6,2,7,7,1,7,7,1,7,7,4,1,1,1,6,1,6,1,1,1,7,1,1,1,7,1,1,4,6,1,1,1,7,1,2,1,1,6,1,7,1,7,6,7,1,6,1,5,2,2,1,7,7,7,1,1,1,7,1,6,7,7,4,7,1,1,1,1,1,4,1,1,1,5,5,5,4,5,5,7,5,3,6,1,3,5,2,4,2,3,3,7,3,4,3,4,3,4,3,2,6,5,6,6,6,2,7,3,6,6,3,4,1,6,4,1,4,1,1,1,5,1,5,1,2,6,5,2,4,5,4,3,7,2,5,6,5,6,4,6,3,5,3,6,3,5,3,6,3,5,1,1,1,1,7,7,7,7,1,5,2,7,7,5,7,1,4,1,7,7,2,6,1,7,4,7,7,7,1,1,2,1,2,1,1,2,1,2,3,1,1,1,7,7,5,3,6,4,6,5,5,5,4,5,6,6,5,5,2,2,3,2,2,2,3,2,3,1,1.083333333,6.75,4.166666667,6,6.833333333,1.25,1.35,6.428571429,1.333333333,4.8,4.958333333,5.888888889,2.055555556,3.444444444,9,3,7,0
5,1,0,0,56,32,3,4,5,5,5,6,1,3,3,1,5,5,5,7,7,7,7,7,1,7,5,5,7,7,7,3,1,1,7,7,5,5,7,7,7,7,1,7,1,1,6,1,6,5,7,5,7,7,7,5,6,1,7,3,7,7,1,7,1,7,1,2,1,1,7,1,1,3,7,1,1,3,7,1,1,1,7,1,1,1,1,5,1,7,2,7,7,6,1,6,3,7,2,1,1,7,6,7,2,2,1,7,1,7,7,7,7,7,1,4,1,1,4,2,1,1,1,5,5,5,5,5,7,3,7,7,7,1,1,1,1,1,1,7,7,1,1,4,1,4,1,1,1,1,7,7,7,7,7,1,7,1,7,7,1,1,4,7,6,1,1,1,1,1,1,1,1,1,1,7,1,1,4,7,1,1,7,1,1,7,1,7,1,7,5,7,7,7,5,7,4,7,1,1,1,4,3,5,7,3,1,1,1,7,1,1,7,1,3,3,1,7,7,2,1,3,1,1,1,1,1,1,1,1,1,1,3,1,1,1,2,2,1,1,2,1,7,7,7,7,7,7,7,7,7,7,7,7,7,7,7,7,1,1,1,1,1,1,1,1,1,1,2.083333333,5.25,4,3.666666667,3.916666667,1.25,1.55,7,1.777777778,5,6.333333333,7,1,2.555555556,18,6,6,1
6,0,0,0,31,3,3,1,7,1,7,3,1,7,5,1,4,1,1,7,1,2,7,7,2,4,7,1,4,4,5,5,1,2,7,3,1,1,4,1,7,7,1,7,1,5,7,2,1,4,2,4,7,7,1,7,7,1,4,7,3,2,1,1,7,4,7,1,2,1,7,2,1,1,7,1,1,4,7,1,1,1,6,1,1,1,1,7,1,7,2,7,7,7,2,7,1,7,2,1,1,7,7,7,1,2,1,7,1,7,7,6,2,7,1,1,1,2,4,2,1,1,4,3,5,4,4,2,7,7,7,3,6,2,2,3,1,2,1,7,5,7,5,6,1,4,4,1,1,1,7,7,7,6,7,2,7,1,6,7,1,4,1,7,4,2,1,1,2,1,1,1,1,1,2,7,1,1,1,7,1,1,7,1,2,6,1,7,1,7,1,7,2,7,5,4,1,7,5,2,1,7,7,3,7,7,7,6,1,6,4,3,6,5,7,7,7,7,3,7,6,4,1,7,5,6,7,4,1,1,1,2,1,1,1,1,1,1,1,1,1,1,7,6,6,5,7,6,7,3,7,4,7,7,7,6,7,7,1,1,1,2,1,1,1,1,4,1,2.083333333,6.166666667,6.083333333,5.416666667,5.833333333,1.3,1.2,6.142857143,1.888888889,3.6,6.041666667,6.666666667,1.444444444,1.611111111,13,9,3,1
7,0,0,1,62,40,2,1,6,4,7,7,1,7,7,1,7,6,6,4,1,1,2,7,2,7,7,6,6,4,1,7,2,2,2,2,2,1,2,2,7,7,1,7,7,1,7,6,2,4,1,1,2,5,1,7,7,1,7,6,1,1,6,6,1,6,6,2,1,1,6,1,1,1,6,1,2,2,6,1,1,1,6,1,1,1,1,4,4,6,3,6,6,6,1,6,2,6,2,2,2,6,6,6,2,1,1,6,1,6,6,6,5,6,1,1,1,1,1,1,1,1,1,5,4,5,5,5,6,6,6,5,6,1,1,1,1,1,1,5,5,6,1,6,5,4,3,1,1,1,6,6,7,7,7,1,7,6,6,6,2,2,2,7,1,2,2,2,2,2,2,2,2,2,2,6,2,2,2,6,2,2,6,2,5,6,2,6,4,6,3,6,2,6,4,5,2,7,3,2,1,7,4,1,7,2,7,7,6,6,4,7,6,6,6,7,6,1,7,6,7,7,6,7,7,7,2,2,2,2,2,2,4,2,2,2,2,2,2,2,2,2,7,7,7,7,7,7,7,7,3,5,7,7,7,7,2,6,1,2,2,2,2,2,2,2,3,2,4.583333333,5.25,3.833333333,6.5,6.833333333,1.35,2.1,6,1,4.8,6.041666667,6.111111111,2,2.388888889,15,7,5,1
8,0,0,0,32,NA,9,6,4,5,5,5,1,6,6,1,4,2,6,5,5,2,4,3,3,6,5,1,5,1,3,2,1,2,3,2,6,6,3,5,7,6,1,6,1,2,5,2,2,6,3,5,5,6,3,6,5,2,5,4,4,3,2,6,6,4,2,1,1,1,6,2,2,4,6,1,2,1,7,1,1,1,7,1,1,1,1,6,2,7,1,6,6,6,3,5,2,7,2,2,3,6,6,6,2,2,1,6,2,5,7,6,2,6,1,2,1,1,2,2,1,1,2,5,5,4,3,4,7,6,5,6,5,6,2,3,1,1,3,6,5,4,2,6,3,2,2,1,2,2,6,6,7,2,7,4,6,1,5,7,3,4,1,7,1,4,2,3,2,3,3,2,2,3,3,5,2,3,4,7,2,3,5,3,5,3,3,5,4,5,4,5,4,5,3,4,4,7,5,3,2,2,3,2,7,2,3,6,4,5,7,5,6,6,2,2,3,7,6,6,5,3,3,5,4,5,2,4,2,2,1,1,2,1,2,2,2,3,1,2,2,2,6,2,6,5,7,7,5,6,5,6,7,6,6,4,7,5,1,3,1,5,3,3,3,3,4,3,1.916666667,4.5,4.666666667,5.333333333,4.166666667,1.4,1.95,5.428571429,1.444444444,4.2,5.5,5.555555556,3,2.888888889,11,7,3,1
9,1,0,1,25,0,10,2,1,1,7,6,2,6,6,2,6,4,4,7,1,3,3,5,3,7,7,3,3,1,3,5,1,5,6,3,2,4,3,3,5,7,2,5,6,2,7,3,4,5,3,2,3,2,1,7,6,1,5,6,1,1,1,6,6,1,7,1,1,1,5,1,1,1,6,1,1,1,4,1,1,1,6,1,2,1,1,5,1,5,1,4,5,5,1,5,2,5,2,2,1,4,5,5,1,3,1,5,1,4,5,6,4,5,3,3,1,1,2,1,1,1,1,3,3,4,2,2,6,6,6,4,6,3,2,2,1,3,1,7,7,6,2,7,3,3,1,1,1,1,6,6,7,5,6,2,6,2,6,6,1,4,5,5,3,4,3,5,2,3,1,5,2,4,2,4,2,5,3,5,2,3,5,5,5,2,2,5,2,6,3,5,5,6,3,6,4,4,6,3,5,6,7,2,6,4,7,5,5,5,7,5,3,5,6,4,5,2,6,4,5,6,5,7,7,7,2,7,3,2,4,2,3,3,4,3,3,3,3,4,3,3,7,5,6,6,7,5,7,6,5,7,7,7,7,6,6,7,3,4,3,6,3,2,3,2,2,3,3.083333333,3.583333333,5.416666667,6.166666667,6.25,1.4,2.35,5.142857143,1.555555556,2.8,6.041666667,6.111111111,3.666666667,2.888888889,-2,2,-4,1
10,1,0,1,28,4,3,6,6,4,6,7,1,7,7,1,6,1,5,3,5,1,6,6,1,2,6,2,5,1,1,6,1,2,6,1,4,6,4,6,7,7,2,5,1,5,7,1,1,4,5,2,6,7,3,6,7,1,7,6,5,1,1,2,2,5,6,2,1,1,6,4,1,2,6,1,1,2,6,1,1,1,7,1,1,1,1,6,1,6,5,6,6,5,2,6,2,6,2,2,2,5,6,6,2,2,2,6,1,6,6,6,3,6,3,2,1,2,1,1,1,2,1,5,5,5,4,4,7,7,6,4,6,2,3,3,2,2,1,6,5,6,2,5,2,2,2,4,1,1,4,4,5,5,6,2,5,2,5,3,3,1,2,7,3,1,2,1,2,1,1,1,2,1,1,7,3,1,5,5,2,2,6,2,1,7,2,7,1,6,6,6,5,5,6,6,2,7,6,3,2,2,4,1,7,3,3,7,2,7,7,7,6,7,4,2,2,7,3,7,3,6,2,5,3,7,6,3,2,2,2,1,2,2,2,2,3,2,2,3,2,2,7,6,5,5,6,6,7,6,6,6,4,7,7,6,6,5,1,1,3,1,1,2,2,3,2,2,1.5,5.75,4.5,4.75,6.333333333,1.45,2.2,5.714285714,1.555555556,4.6,5.541666667,5.111111111,1.5,2.666666667,10,8,2,0
11,0,0,1,23,1,4,5,5,4,6,4,2,6,6,1,7,5,2,4,2,2,6,6,2,6,6,1,5,6,3,5,1,2,3,2,5,6,4,5,6,6,1,5,5,1,6,2,2,2,3,3,6,5,4,7,6,2,4,4,2,3,1,2,1,1,6,1,2,1,6,2,1,1,7,1,2,3,6,1,1,1,7,3,1,1,1,6,1,7,2,6,7,7,1,6,2,7,2,2,1,6,6,6,4,4,1,6,2,6,5,5,6,6,1,1,1,2,5,2,1,1,2,5,5,5,5,5,7,7,6,3,5,2,1,2,1,1,1,7,7,7,2,6,3,6,1,2,1,1,4,5,7,7,7,1,7,1,7,6,1,2,1,7,1,1,2,1,1,1,1,1,1,1,1,7,2,1,4,7,4,1,7,1,3,7,1,7,1,7,3,6,5,6,6,7,1,7,1,1,1,3,4,2,7,6,6,6,2,6,2,5,6,6,3,2,3,3,7,6,5,5,2,4,6,5,6,7,2,1,2,1,2,1,2,1,1,2,1,2,2,2,6,6,7,6,7,7,7,6,5,7,6,7,7,7,7,7,1,1,1,1,1,1,2,2,1,1,2,5.333333333,3.166666667,6.166666667,5.416666667,1.45,1.8,5.714285714,1.777777778,5,6.166666667,6.888888889,1.166666667,2.166666667,18,6,6,1
12,1,0,0,30,2,0,2,5,5,5,4,3,7,7,4,4,5,2,5,3,4,6,5,3,4,5,2,5,3,4,2,2,4,3,3,2,3,3,2,5,4,5,5,3,1,6,3,2,5,5,5,5,5,3,7,5,2,5,3,2,1,1,3,3,1,5,1,1,1,5,1,1,2,5,1,1,2,6,1,1,1,7,1,2,2,1,6,1,1,1,7,7,7,2,7,2,6,2,2,2,2,6,5,2,1,1,6,1,6,7,6,3,6,1,4,2,1,5,2,1,1,2,3,3,4,4,4,7,6,7,6,7,5,1,7,1,1,1,7,7,3,1,7,2,2,1,1,1,1,4,7,6,7,7,2,7,1,7,5,1,2,1,7,1,1,1,1,1,1,1,1,1,1,1,7,3,1,1,5,4,1,7,1,1,7,4,7,4,7,1,7,3,7,4,5,1,7,3,1,1,6,3,1,4,6,5,4,2,5,5,4,4,5,6,5,6,5,7,6,3,3,3,5,6,7,5,7,3,3,2,1,2,7,1,1,1,1,2,6,2,3,7,3,7,1,7,7,7,7,6,7,7,7,7,6,7,7,1,1,3,1,1,1,1,1,3,1,3.25,5.083333333,4.083333333,5.166666667,4.583333333,1.45,2.1,5.857142857,2.111111111,3.6,5.958333333,6.555555556,1.277777778,1.888888889,16,8,4,1
13,1,0,1,26,2,1,3,4,3,4,6,1,7,6,2,5,2,4,2,2,3,6,5,2,6,7,2,5,4,2,6,2,4,6,4,2,6,5,2,6,7,1,6,1,1,7,3,3,4,2,1,5,3,1,7,5,3,6,7,1,1,1,6,3,1,6,1,1,2,6,2,1,7,7,1,1,1,7,1,1,1,7,1,1,1,1,6,2,6,1,5,6,6,4,6,2,7,2,1,1,6,7,7,1,2,1,5,1,7,6,2,5,7,1,1,1,4,4,4,1,1,1,4,4,4,5,4,5,4,5,5,5,5,1,2,4,1,1,5,4,4,1,5,4,3,1,1,2,1,6,5,7,7,6,1,7,1,7,7,1,2,1,7,1,1,1,1,1,1,5,1,2,1,5,7,1,1,4,6,6,3,7,4,5,5,5,7,6,6,6,6,7,6,6,6,6,6,3,3,1,5,5,2,6,4,6,5,2,6,4,6,4,4,6,2,6,7,7,5,6,7,3,7,7,7,2,7,2,1,1,1,2,2,3,2,2,2,1,2,1,1,7,3,7,6,4,7,7,7,4,7,7,6,7,7,7,7,1,1,2,3,1,2,2,2,2,1,2.25,4.666666667,4.916666667,6,6.166666667,1.45,1.75,5.571428571,2,4.2,5.333333333,6.888888889,1.722222222,3.833333333,11,5,5,1
14,0,0,0,36,12,11,2,4,2,7,5,5,6,6,2,6,4,1,7,4,2,4,7,1,4,7,1,7,2,5,5,3,4,6,4,1,5,4,1,7,7,5,6,4,1,6,1,1,5,2,4,4,4,2,7,6,1,6,7,7,4,2,1,6,1,7,2,1,1,7,2,1,1,6,1,1,3,6,1,2,1,5,1,1,1,1,6,1,6,4,6,6,6,1,6,2,6,3,2,3,6,6,6,2,2,1,6,2,6,6,6,4,5,1,1,1,1,1,1,1,1,1,4,4,4,3,4,5,6,6,6,4,1,2,6,2,3,2,7,7,4,1,7,5,4,1,1,2,2,3,7,6,7,7,2,6,4,6,5,2,5,5,7,3,1,5,1,5,5,5,1,1,1,4,5,5,1,6,5,5,2,3,1,4,3,5,6,4,6,7,7,7,7,6,6,5,6,1,6,4,6,6,2,6,7,4,6,4,7,6,3,4,4,7,3,7,4,7,7,6,4,4,6,1,4,7,7,1,2,2,3,2,2,2,2,2,2,2,2,2,2,6,7,6,2,6,5,6,7,3,7,7,6,6,6,4,6,1,3,3,5,2,2,1,1,2,5,3.25,5.75,5.75,5.25,5.833333333,1.45,2.05,5.571428571,1,3.8,5.583333333,5.888888889,2.111111111,4.833333333,7,-3,7,0
15,0,0,0,38,2,10,7,5,3,7,6,1,7,7,1,7,1,1,4,1,5,1,7,1,7,7,1,7,7,2,6,1,6,3,1,2,1,2,1,7,7,1,7,1,1,6,1,1,1,1,2,7,6,3,7,7,1,1,7,1,3,1,1,5,4,6,2,1,1,7,1,1,3,7,1,1,5,7,1,1,1,6,2,2,1,1,7,1,7,1,7,7,6,1,7,1,7,1,1,1,5,6,7,1,1,1,7,5,7,6,6,1,5,2,1,1,2,1,1,1,1,2,5,5,5,5,5,6,4,7,3,7,2,1,2,1,3,1,6,7,2,1,5,1,1,1,1,1,4,6,4,6,7,7,1,7,1,7,5,1,1,1,7,1,1,1,1,2,1,1,1,1,1,1,7,1,1,2,7,1,1,7,1,1,7,3,7,2,7,1,7,1,7,7,7,1,7,2,1,1,1,5,1,7,7,7,3,7,7,1,6,2,7,6,7,7,7,7,7,7,6,1,5,7,5,7,4,1,1,1,2,1,1,1,1,2,1,1,3,2,1,3,6,7,6,7,5,7,7,7,7,7,7,4,7,7,7,1,1,1,1,1,1,1,1,1,1,2,5.416666667,4.416666667,6.666666667,6,1.5,1.2,5,1.333333333,5,5.625,6.666666667,1,1.611111111,17,7,5,1
16,1,0,0,25,2,1,6,3,3,5,6,2,7,6,2,5,2,5,5,2,2,7,3,1,6,6,1,5,7,6,5,1,6,5,4,6,3,4,3,6,6,2,4,2,3,5,2,5,2,5,3,7,4,3,6,5,2,5,6,3,2,2,5,4,2,6,2,1,1,6,5,1,3,7,1,1,1,7,1,1,2,6,1,1,1,1,6,2,6,3,6,7,6,2,6,1,7,2,1,2,6,6,6,2,4,1,6,1,6,6,6,4,6,2,1,1,1,1,1,1,1,1,5,4,4,5,5,7,5,6,3,7,1,2,5,1,2,1,6,7,5,1,6,1,2,1,3,1,1,5,5,7,7,7,1,7,1,6,6,1,1,1,7,1,1,1,1,1,1,1,1,4,1,1,7,1,1,1,7,1,2,7,2,1,7,1,7,1,6,2,7,1,6,1,5,1,6,3,2,1,2,5,2,6,3,6,6,1,7,1,2,2,4,2,5,5,6,5,3,3,5,1,5,5,6,3,6,2,1,1,2,2,2,2,1,2,2,1,2,2,2,7,7,6,3,7,6,7,7,7,7,5,7,7,7,7,7,1,1,1,1,1,2,1,2,3,1,1.916666667,3.833333333,4.416666667,5,5.25,1.5,1.9,5.857142857,1.111111111,4.6,5.833333333,6.777777778,1.333333333,1.222222222,12,6,4,0
17,1,0,1,27,3,3,3,2,1,7,5,1,6,7,1,7,6,2,6,1,2,6,6,1,6,7,5,2,2,4,7,1,6,7,1,3,4,6,1,7,7,2,4,1,1,7,4,4,4,1,1,4,6,1,7,7,1,4,7,1,1,1,4,6,2,6,2,1,1,4,2,1,1,4,1,2,1,6,1,1,1,7,1,1,1,1,5,3,7,1,5,6,6,4,5,3,6,3,2,1,5,6,6,2,3,3,5,2,4,6,6,4,6,2,2,1,4,2,4,1,1,6,4,4,4,4,4,7,6,7,4,6,1,1,2,1,1,1,7,5,7,2,6,1,1,2,1,1,1,6,6,7,7,7,2,7,1,6,6,1,2,3,6,2,2,2,1,5,1,4,1,4,1,1,7,1,2,5,5,5,1,5,1,4,6,2,6,1,6,4,7,4,7,4,7,1,7,5,1,1,5,7,1,7,6,7,6,2,7,6,4,2,7,5,4,7,7,7,4,7,7,4,7,7,7,4,6,4,4,2,1,3,1,3,2,2,3,2,3,2,2,6,7,7,6,7,7,7,6,7,6,7,7,7,6,7,7,2,1,3,2,2,2,1,1,1,3,3,4.333333333,6,6.583333333,6.5,1.5,2.4,5.285714286,2.555555556,4,6.208333333,6.666666667,1.5,3.055555556,14,10,2,1
18,0,0,1,26,1,2,6,2,1,6,5,5,7,3,1,3,5,2,6,1,5,6,6,1,7,6,2,3,5,3,2,1,3,5,3,6,5,3,1,5,3,1,5,2,1,5,3,3,6,3,6,6,6,1,7,5,2,3,7,2,3,1,3,6,2,5,3,1,1,6,3,1,1,6,1,1,1,7,1,1,2,6,1,1,3,1,6,1,7,2,6,6,6,2,6,2,6,3,2,2,6,5,6,2,2,1,6,4,5,5,5,4,5,3,4,1,1,4,3,1,1,2,5,5,5,5,5,6,5,5,4,6,3,2,2,1,3,1,6,6,4,2,6,1,3,2,1,1,1,4,6,6,6,7,2,6,1,5,6,2,2,1,6,1,1,1,1,1,1,1,1,1,1,1,5,2,2,3,6,1,2,6,1,1,5,2,6,1,6,2,6,3,6,3,6,1,7,2,1,1,2,7,5,7,6,7,3,2,7,3,5,5,5,2,3,7,6,7,5,5,2,2,7,6,5,5,6,2,2,1,2,2,1,2,2,2,2,2,2,3,2,4,5,6,6,7,5,7,6,7,6,7,7,7,6,7,6,2,3,2,3,2,2,2,2,2,2,2.416666667,4.666666667,6,6.083333333,3.833333333,1.5,1.95,4.857142857,2.222222222,5,5.708333333,6.111111111,1.777777778,1.555555556,17,7,5,0
19,1,0,1,40,9,3,2,6,7,7,2,1,6,5,1,7,2,5,3,1,5,7,7,1,7,7,1,7,3,1,7,1,2,5,1,1,7,5,2,7,7,1,7,2,1,7,1,1,5,1,1,5,7,2,7,7,1,6,7,1,5,1,1,3,1,7,2,1,1,6,2,1,2,6,1,1,2,6,1,2,1,6,1,2,1,1,5,1,5,4,6,4,5,1,4,3,5,4,4,1,4,5,4,2,4,1,4,1,7,6,5,5,4,1,4,1,1,4,4,1,1,1,4,4,4,2,4,5,4,5,6,2,4,1,1,2,4,3,6,5,3,3,6,2,2,2,4,4,2,3,6,5,6,5,2,6,3,6,5,5,2,2,6,6,2,2,2,2,2,2,2,2,2,2,7,2,3,3,3,3,3,6,3,5,6,5,6,1,6,2,6,5,5,2,5,2,7,2,3,1,6,1,3,7,3,7,3,1,7,5,7,6,7,7,1,6,6,7,7,7,7,3,6,7,3,7,7,2,2,2,2,3,3,2,4,3,4,3,4,3,4,7,4,7,7,6,4,5,5,6,6,4,4,6,6,5,3,2,1,5,2,2,2,2,3,3,2,1.666666667,6.166666667,4.75,7,5.916666667,1.5,2.9,5.428571429,2,3.6,4.875,5.222222222,2.388888889,2.777777778,15,5,7,1
20,1,0,1,21,NA,6,4,7,1,6,6,1,7,4,1,3,5,1,4,5,1,6,7,1,4,4,1,2,1,2,2,1,4,7,2,6,6,6,5,5,5,2,7,1,1,5,1,1,7,3,5,6,3,1,7,6,2,4,6,2,1,1,1,7,2,5,1,2,1,7,2,1,2,7,1,1,3,7,1,1,1,7,1,2,1,5,7,1,7,5,7,7,7,1,6,1,6,1,1,4,6,6,6,1,1,1,6,1,7,7,6,5,6,7,7,4,6,1,3,1,2,7,5,5,5,4,5,7,6,7,6,5,6,1,5,1,6,1,7,7,5,3,7,3,1,3,1,1,1,6,5,7,7,7,1,7,1,7,7,2,1,1,7,1,2,1,2,1,1,1,1,3,1,1,7,1,1,1,7,2,1,7,1,3,5,1,6,2,7,2,7,5,7,4,6,1,6,2,1,1,4,7,4,7,7,3,7,2,7,7,6,4,6,2,2,3,7,7,7,5,3,2,7,6,7,7,6,1,1,1,1,1,1,1,1,1,2,2,2,2,2,7,2,7,3,7,2,7,5,5,5,7,7,7,7,7,6,1,1,1,3,2,1,1,1,2,1,2,5.666666667,6.083333333,5.666666667,4.583333333,1.5,1.6,6.285714286,4.222222222,4.8,5.541666667,6.888888889,1.333333333,1.777777778,14,6,4,1
21,1,0,1,49,24,4,2,5,7,7,5,1,5,5,1,3,3,4,7,2,5,3,7,2,7,6,1,4,6,4,2,1,5,7,1,5,6,2,3,6,5,1,3,4,1,6,1,2,7,3,2,3,5,1,6,6,1,6,7,2,5,5,6,2,4,6,1,1,2,6,1,2,2,5,1,1,1,5,1,1,1,5,1,2,1,1,3,1,4,1,6,4,4,1,4,1,5,3,2,2,3,4,3,1,1,1,4,3,5,5,6,1,5,1,1,1,1,1,4,1,1,1,4,4,5,5,5,6,6,7,6,5,4,2,2,3,2,1,6,6,5,2,7,2,4,1,5,1,1,3,6,7,7,7,1,7,2,6,6,1,1,2,7,1,1,2,1,1,1,4,1,1,1,2,7,2,1,2,5,3,1,7,1,5,6,5,7,4,7,4,7,5,7,7,7,3,7,5,4,1,6,1,3,7,4,6,3,5,6,2,4,3,7,3,2,5,4,7,6,5,6,5,7,6,3,2,4,2,3,3,3,5,4,2,4,4,4,3,5,4,5,5,4,6,6,5,6,7,6,6,7,3,7,7,7,6,7,1,1,3,2,1,1,1,1,1,1,2.666666667,4.333333333,4.833333333,6,4.5,1.55,2.7,4.428571429,1.333333333,4.6,5.708333333,6.666666667,1.166666667,3,11,7,5,1
22,0,0,1,32,2,10,3,2,4,7,5,2,7,7,2,7,3,2,6,1,1,1,4,1,4,7,1,2,3,1,7,1,4,3,1,2,5,4,1,7,7,1,5,1,1,7,2,3,4,3,1,7,4,1,7,7,2,4,6,2,1,1,2,3,2,6,4,1,1,7,2,1,2,7,1,1,3,7,1,1,1,7,3,2,1,2,6,1,7,2,6,7,6,1,7,2,7,2,3,2,6,7,7,1,3,1,5,3,7,5,4,4,5,1,2,1,4,2,6,1,1,1,5,5,5,5,5,7,4,7,4,7,1,1,2,1,3,1,7,6,3,1,5,1,1,1,1,1,2,7,7,7,6,7,2,7,1,6,6,1,1,1,7,2,1,1,1,1,1,1,1,1,1,1,7,1,1,2,7,2,1,7,1,2,7,1,7,3,7,5,7,5,7,4,7,1,7,2,1,1,5,4,1,6,6,7,7,7,7,5,7,4,7,6,3,7,7,7,5,5,7,1,7,6,7,6,6,1,1,1,1,2,1,2,1,2,1,1,2,1,1,5,7,7,6,7,5,7,7,7,7,7,7,6,6,7,7,1,1,1,1,1,1,1,1,1,1,2.416666667,4.416666667,5,6.333333333,6.666666667,1.55,1.6,5,2.111111111,5,6.041666667,6.555555556,1,1.944444444,17,7,5,1
23,0,0,0,28,4,10,3,3,1,6,4,3,6,6,5,5,5,4,7,4,1,5,6,1,4,5,1,6,2,4,6,2,3,5,4,5,3,4,3,6,6,2,4,2,5,6,2,4,6,5,2,5,5,2,6,5,2,6,7,2,2,1,2,6,5,6,1,1,3,7,2,2,2,7,1,1,3,6,1,1,1,6,1,2,1,2,5,1,4,3,6,6,6,1,6,4,5,2,2,1,5,6,6,1,1,1,6,2,6,6,5,2,5,4,1,1,1,1,3,2,1,1,4,3,4,4,5,6,6,4,5,5,2,1,2,1,3,1,6,6,3,7,7,6,3,2,2,1,1,5,5,6,6,7,5,7,3,6,5,2,3,2,6,2,1,2,1,2,2,1,1,1,1,1,6,1,1,2,6,1,2,2,1,3,5,2,5,1,5,2,5,4,5,7,5,2,6,2,1,2,5,7,2,3,4,4,7,3,7,6,4,5,4,3,5,5,6,3,4,3,6,3,6,6,6,6,3,1,1,2,2,3,4,2,2,2,2,3,3,2,2,6,6,7,6,7,5,7,1,2,6,6,7,7,3,5,6,2,2,2,3,3,3,3,3,3,6,2.833333333,4.916666667,5.833333333,4.333333333,5.416666667,1.55,2.1,5.142857143,1.666666667,4,5.333333333,5.666666667,2.055555556,2.333333333,13,5,3,0
24,0,0,0,21,1,4,6,4,3,5,4,2,7,6,1,6,2,4,5,2,2,7,6,2,6,5,1,5,6,5,4,1,2,5,4,3,6,4,4,6,6,2,5,2,1,5,2,4,3,5,2,7,3,3,6,6,2,3,6,5,5,1,5,5,3,4,1,1,1,5,1,1,2,5,1,1,2,7,2,1,2,6,1,2,1,2,5,1,6,2,5,6,6,2,6,3,5,2,2,4,5,4,5,2,2,1,5,3,5,5,5,4,4,3,3,1,2,3,2,1,1,2,4,4,5,4,4,7,5,5,6,6,1,1,1,1,1,1,1,6,4,1,5,1,5,1,1,1,1,7,7,7,6,7,1,7,1,7,7,1,1,1,7,1,1,1,1,1,1,1,1,2,1,1,7,1,1,2,7,2,2,1,1,2,7,2,7,2,6,3,6,4,5,2,6,3,7,1,2,1,2,5,2,7,4,6,6,1,6,2,3,6,4,5,2,4,6,7,4,3,6,1,5,3,3,3,5,3,3,1,2,3,2,3,2,2,2,3,3,4,3,5,7,7,7,7,7,7,7,7,7,7,7,7,7,7,7,1,1,1,1,1,2,2,3,2,7,1.583333333,4.5,4.5,5.083333333,5,1.55,2.4,4.714285714,2,4.2,6.166666667,6.888888889,1.333333333,2.111111111,17,5,7,1
25,0,0,0,24,0,3,5,4,4,6,4,2,6,6,2,5,3,2,7,1,1,6,7,1,7,6,2,5,7,5,6,1,5,6,1,2,5,3,3,6,6,2,5,2,4,6,1,2,1,5,3,6,6,1,6,6,1,5,7,1,3,1,5,7,4,6,2,1,1,7,2,1,1,6,1,2,2,6,1,3,2,6,1,1,1,2,5,2,6,2,5,6,6,2,5,3,6,2,2,3,5,5,6,2,2,2,5,2,6,5,5,4,5,2,1,2,2,1,3,1,1,6,4,4,5,5,5,7,6,6,5,5,1,1,1,1,3,1,7,7,4,2,7,1,3,2,1,2,3,7,7,6,7,7,1,7,1,6,6,1,1,1,7,1,1,1,1,1,1,1,1,1,1,1,7,1,2,1,7,2,2,7,1,2,7,2,6,1,6,2,7,4,7,4,7,1,7,4,1,1,3,4,2,6,6,7,7,2,7,1,3,3,7,6,3,5,6,4,6,3,5,2,7,7,5,3,4,1,2,2,2,3,2,3,2,2,3,2,3,3,2,6,7,7,7,7,5,7,6,7,6,7,6,5,7,7,7,1,1,1,1,2,2,1,1,1,1,1.916666667,4.916666667,5,5.5,5.666666667,1.55,2.35,5.142857143,2.111111111,4.6,6.166666667,6.666666667,1.222222222,1.555555556,15,9,3,0
26,0,0,1,39,12,11,3,5,1,7,2,2,6,3,1,2,1,2,5,2,4,3,7,1,6,6,1,3,2,2,5,1,3,7,2,5,2,2,1,6,7,2,6,1,1,7,1,2,7,1,1,5,5,1,7,7,1,4,7,1,4,5,6,6,1,6,1,1,1,7,4,1,1,7,1,1,1,5,1,4,1,5,1,1,2,1,5,2,5,3,7,4,4,1,4,2,3,3,1,1,3,5,5,1,1,1,5,3,4,5,4,2,3,4,1,3,1,4,2,1,1,1,4,4,4,1,3,6,3,5,6,2,1,1,1,2,1,1,6,7,2,1,7,4,2,1,2,1,1,7,4,6,7,7,2,7,5,7,5,2,2,2,7,2,3,1,4,2,2,1,1,1,1,1,7,1,1,4,6,1,1,7,1,4,6,2,7,2,7,5,7,5,6,4,6,2,6,5,2,1,5,7,5,7,6,6,4,5,7,6,6,5,6,3,6,7,7,7,6,7,7,3,7,7,4,2,7,1,1,3,3,3,3,1,4,4,4,5,5,3,3,5,7,7,7,6,7,7,7,4,7,6,7,7,6,3,6,1,1,2,2,1,1,1,2,2,1,2.75,4.75,6.5,6.583333333,5,1.55,2.55,4,2,3.2,5.666666667,6,1.611111111,2.277777778,10,8,2,1
27,1,0,1,22,3,10,1,4,1,7,3,5,6,6,1,4,5,1,3,1,4,3,6,1,6,6,2,4,6,3,4,2,5,2,3,5,2,4,2,5,5,4,6,4,1,5,4,2,1,3,4,2,5,7,7,5,1,3,6,1,5,3,7,2,3,4,1,1,1,6,3,1,1,5,1,1,4,7,1,1,1,6,1,1,2,2,6,1,7,3,4,6,6,2,6,3,6,2,2,2,6,6,6,2,2,1,5,3,7,5,5,1,5,6,5,1,3,3,1,1,1,2,4,4,5,4,3,4,7,6,7,7,1,1,2,1,2,1,7,5,7,2,4,1,2,1,2,1,1,7,7,7,7,7,1,7,1,7,7,1,1,5,7,2,1,1,1,4,1,1,1,1,1,2,6,1,1,4,7,1,1,4,1,1,6,1,6,2,7,2,7,2,7,6,5,1,7,3,1,1,7,7,2,7,7,7,4,5,7,2,5,3,5,3,6,6,4,7,6,5,4,6,1,7,3,1,5,2,3,1,2,2,1,4,2,2,2,2,2,2,2,5,7,7,6,7,6,7,6,7,7,6,7,7,7,7,7,1,2,1,2,2,1,1,1,3,4,4.166666667,4.583333333,3.583333333,6.083333333,4.166666667,1.55,2.05,4.714285714,2.555555556,4,6.25,7,1.277777778,2.277777778,16,8,4,1
28,1,0,0,26,0,5,6,5,4,7,7,1,7,6,4,4,1,4,4,5,3,7,7,1,4,4,1,7,4,7,4,7,4,7,5,7,3,7,3,5,5,1,5,4,4,7,1,1,4,4,4,7,7,4,7,5,1,7,7,1,1,1,1,7,5,7,1,1,1,7,5,1,5,7,1,3,2,7,1,1,1,7,1,1,1,2,6,3,6,1,6,6,6,1,6,4,6,3,2,1,6,7,7,3,1,1,7,1,7,7,7,7,7,1,1,1,1,1,7,1,2,3,4,5,4,4,4,7,5,6,5,5,4,2,3,3,3,2,7,6,4,2,6,4,5,4,3,2,1,7,7,6,6,6,2,6,3,5,5,2,1,2,6,2,1,1,1,1,1,3,1,1,1,2,7,1,1,3,6,2,4,7,1,2,7,1,7,5,5,4,6,4,6,6,7,3,5,5,1,1,2,4,2,4,4,3,5,1,7,4,1,4,3,1,5,5,4,4,7,4,4,1,4,7,7,7,3,1,1,1,1,2,2,2,2,2,2,2,2,1,1,7,4,6,5,5,5,6,6,4,4,5,6,7,6,5,6,2,1,2,1,1,3,2,2,1,1,1.916666667,6.166666667,4.916666667,4.333333333,5,1.6,1.9,7,2,4.2,5.541666667,5.666666667,1.5,2.444444444,8,8,0,1
29,1,0,0,28,9,1,6,6,2,6,4,1,6,6,1,5,2,2,4,3,2,2,6,1,6,6,1,6,5,5,4,1,2,5,2,4,6,6,2,6,5,2,6,1,1,6,2,2,2,3,1,6,3,2,6,6,1,4,6,2,2,1,2,6,2,3,4,1,1,6,2,1,1,5,1,1,2,6,1,2,1,6,1,2,1,1,6,3,6,2,6,6,6,2,6,2,6,1,1,1,6,6,6,2,2,1,6,1,6,6,6,5,6,3,2,1,1,2,2,1,1,1,4,4,4,2,4,3,5,3,2,2,3,1,4,3,3,1,6,2,3,7,5,4,2,5,2,4,4,4,4,5,5,4,4,4,4,5,5,5,5,5,3,3,1,2,2,1,5,4,2,4,2,1,2,2,2,2,1,1,3,7,3,4,1,1,3,4,5,1,1,2,4,6,2,1,5,5,2,6,2,6,2,7,6,5,6,6,7,3,3,6,6,4,2,6,7,7,6,5,7,2,6,6,6,6,6,2,3,2,2,2,2,2,2,2,2,2,2,2,2,7,5,7,4,5,5,7,1,4,3,6,4,4,4,4,3,5,6,7,7,5,3,7,4,6,1,1.916666667,5.583333333,5,5.75,5.166666667,1.6,1.85,6,1.555555556,3.6,4,4.333333333,4.166666667,2.5,2,2,-4,1
30,0,0,0,38,7,9,1,4,2,5,7,1,4,7,2,7,6,7,5,6,2,6,5,1,4,7,2,4,6,7,7,2,4,7,6,2,2,1,4,4,7,2,5,1,5,6,6,6,1,7,1,3,1,3,7,7,2,4,6,5,1,1,6,1,1,7,1,1,1,7,2,3,2,6,1,1,4,6,1,1,1,6,1,2,1,2,5,1,6,5,6,6,5,1,6,1,6,2,2,2,6,6,6,2,2,1,4,4,6,4,4,1,4,2,1,1,2,1,4,1,1,1,5,5,5,5,5,7,4,6,6,5,5,1,1,1,1,1,7,6,4,1,2,2,6,1,1,1,1,6,7,6,5,7,1,6,1,6,6,1,2,1,7,1,1,1,1,1,3,1,1,2,1,1,6,1,1,4,5,1,2,7,1,2,6,6,7,6,7,2,6,1,6,7,6,1,7,1,2,1,7,6,1,6,1,2,6,2,7,2,1,4,2,6,6,4,7,3,2,1,7,5,5,3,7,2,7,1,2,2,2,3,2,2,2,3,2,2,2,2,2,4,3,7,7,7,7,7,7,6,7,7,7,7,7,7,7,1,2,3,2,1,1,2,2,2,1,3.5,3.083333333,4.333333333,3.75,6.75,1.6,2.05,3.857142857,1.555555556,5,6.041666667,6.333333333,1.611111111,2.222222222,17,5,7,1
31,1,0,1,20,1,4,5,4,6,7,6,2,7,6,1,6,4,2,2,1,2,1,7,1,7,5,1,4,2,2,5,1,3,6,5,1,6,2,2,6,5,3,6,2,1,6,2,4,5,2,2,7,2,3,7,6,2,5,7,1,1,1,2,6,2,7,1,4,1,6,1,1,4,6,1,1,4,7,1,1,1,7,1,2,1,1,4,1,7,1,7,6,4,2,5,1,5,1,2,4,4,5,7,1,2,1,5,4,7,5,5,1,4,5,1,4,7,2,3,3,5,1,4,5,5,5,5,7,7,7,6,7,2,1,1,1,1,1,7,7,7,1,6,1,7,1,1,1,1,7,7,7,7,7,1,7,1,6,7,2,2,1,7,1,3,2,2,1,1,1,1,1,1,1,7,1,1,1,6,1,1,1,1,2,7,1,7,1,7,2,7,4,7,2,5,3,7,2,2,1,3,2,2,7,6,7,6,7,7,6,6,5,3,7,2,6,6,7,4,6,6,1,5,7,7,6,6,2,2,1,1,4,1,1,2,4,3,3,4,3,1,4,6,7,7,7,7,7,7,7,7,7,7,7,7,7,6,1,1,2,1,1,1,1,1,3,7,2.416666667,4.833333333,5,6.333333333,6,1.6,2.1,4.428571429,3.444444444,4.8,6.875,6.777777778,1.388888889,1.833333333,16,6,6,1
32,1,0,0,33,6,11,6,1,4,7,6,1,6,5,2,5,6,1,5,1,2,4,5,1,7,7,2,4,5,4,5,1,6,2,4,5,2,2,3,7,6,2,5,1,1,7,1,1,3,6,2,2,2,1,7,6,1,4,7,4,2,1,7,7,1,7,1,2,1,7,3,2,1,6,1,1,2,5,1,1,1,6,1,2,1,3,4,1,6,2,6,5,6,2,6,2,5,2,3,3,6,6,6,2,2,1,5,2,5,6,5,1,5,1,2,1,1,1,2,1,1,1,4,3,3,4,5,5,1,5,4,6,7,1,2,2,3,1,4,7,5,2,1,2,1,1,3,2,1,7,4,6,6,6,1,7,2,7,6,2,1,1,7,2,1,1,1,2,1,1,1,1,1,2,7,1,1,5,4,1,5,7,1,5,6,2,7,5,6,5,7,5,5,4,7,2,6,2,2,1,2,4,3,6,7,7,6,4,7,3,4,2,4,3,6,5,7,7,7,2,6,6,7,4,6,1,7,1,2,3,2,4,2,2,3,2,2,3,2,2,2,6,1,7,6,6,5,7,6,6,7,5,6,7,7,6,6,1,1,4,2,1,2,1,3,1,1,2.75,3.833333333,5,5.75,5.833333333,1.6,2.2,4.714285714,1.222222222,3.8,4.958333333,6.333333333,1.611111111,2.555555556,13,5,5,1
33,1,0,0,25,4,5,4,4,7,6,6,4,4,7,5,7,1,3,3,6,4,4,4,4,4,4,1,1,1,1,6,1,7,4,7,6,3,3,5,4,6,6,4,1,6,6,3,4,4,4,1,3,3,1,4,4,1,4,2,6,1,1,4,1,6,7,4,1,1,6,1,1,2,5,1,1,2,6,1,1,1,6,3,1,1,1,4,1,7,2,3,6,5,1,5,1,5,1,1,1,5,6,6,1,1,1,5,1,6,6,5,1,5,6,1,1,4,1,1,4,4,4,4,4,4,1,3,6,3,4,5,4,2,2,2,2,3,2,4,5,4,2,2,2,3,3,3,2,3,7,5,6,5,6,2,6,2,5,6,2,3,3,6,3,3,3,3,3,3,3,3,3,3,3,6,3,3,3,5,3,3,5,3,3,6,3,6,3,5,5,5,3,5,3,5,4,7,3,4,8,4,1,1,3,5,2,4,4,4,7,7,1,1,2,5,3,7,2,4,4,7,5,7,2,7,4,2,2,3,2,2,4,1,5,2,3,3,3,3,2,2,7,6,6,6,6,5,6,6,6,5,5,6,5,6,6,6,2,2,3,2,2,3,3,3,3,3,3,3.416666667,3.666666667,3.416666667,5.5,1.6,1.95,5,2.888888889,3.2,5,5.777777778,2.777777778,3.166666667,6,-2,0,1
34,1,0,1,36,3,0,3,5,3,6,6,2,6,6,2,5,5,5,5,3,1,7,6,1,5,5,1,4,4,5,6,1,5,1,5,3,1,5,3,6,6,4,6,1,1,6,3,1,4,5,5,2,6,1,7,5,1,5,6,2,1,1,3,4,1,5,4,1,1,6,1,1,3,6,1,1,2,6,1,3,1,6,1,1,1,1,7,1,5,1,6,5,6,1,6,1,6,1,1,1,6,6,6,1,1,1,7,1,7,6,6,5,5,3,2,1,2,1,1,1,1,3,4,4,3,2,4,4,4,3,3,3,4,5,3,2,6,3,6,5,2,3,6,2,1,1,1,3,1,2,4,6,6,6,1,6,2,6,3,2,4,1,6,1,1,1,1,1,1,1,1,1,1,1,5,1,1,1,5,1,6,1,1,1,3,1,4,1,5,1,2,1,5,4,5,1,5,7,1,1,5,5,2,6,3,5,7,1,7,4,3,3,3,5,7,5,7,7,7,3,3,6,7,6,7,5,7,2,2,2,2,1,3,2,3,2,2,2,2,2,2,7,4,3,5,6,2,5,5,6,7,7,5,7,7,6,6,2,3,3,5,4,3,6,3,3,7,3.083333333,5.083333333,4.75,5.333333333,5.5,1.6,1.55,6.142857143,1.666666667,3.4,4.375,5.777777778,2.722222222,1.5,6,10,-2,0
35,0,0,1,27,1,8,2,6,2,7,3,4,5,2,1,6,2,2,2,1,6,5,7,2,7,7,4,6,3,1,3,2,1,6,1,5,3,3,3,6,6,1,6,1,1,7,5,1,6,1,1,5,4,2,7,7,2,4,5,1,5,1,2,4,1,4,1,1,1,5,2,1,3,6,1,1,2,6,1,3,1,6,1,2,2,1,4,1,6,1,5,6,5,2,6,5,6,4,2,2,4,7,6,2,2,1,6,6,7,5,4,4,4,7,1,3,4,1,4,3,2,3,4,5,5,3,4,6,6,4,4,2,2,3,5,2,2,3,4,4,6,6,6,2,4,3,3,2,1,2,5,6,5,6,5,6,3,5,5,5,2,2,6,5,4,2,3,4,2,2,5,2,2,2,6,2,2,5,5,5,2,5,1,2,6,4,6,1,6,2,6,3,6,7,6,1,5,7,3,3,6,6,6,7,6,7,2,3,6,5,7,7,7,3,5,5,7,7,7,7,7,3,6,7,3,6,7,3,2,2,2,4,2,3,2,3,2,2,4,1,2,2,6,5,3,6,6,5,2,6,5,5,6,7,3,5,3,2,2,3,2,2,2,2,2,2,3,3.166666667,5.583333333,5.333333333,6.916666667,4.833333333,1.65,2.35,4.571428571,3.111111111,4.2,4.791666667,4.888888889,2.333333333,3,2,6,-2,1
36,0,0,1,26,2,10,3,4,1,5,6,1,7,5,3,7,1,1,4,1,2,2,7,1,3,7,2,5,4,1,5,1,5,6,1,1,3,4,1,6,7,3,6,1,1,7,1,1,4,1,1,3,5,1,7,7,1,7,5,5,1,1,5,4,1,6,2,1,1,7,1,1,1,7,1,1,3,7,2,1,1,1,2,3,1,1,5,1,7,2,7,7,7,2,7,1,7,3,4,1,7,7,6,2,1,2,7,2,7,7,6,1,6,2,2,1,1,2,2,1,1,2,4,4,5,4,4,7,6,7,5,5,1,1,4,1,2,1,6,7,5,2,6,1,1,1,1,1,2,7,6,7,7,7,1,7,1,7,7,1,1,1,7,2,1,1,1,1,1,1,1,1,1,1,7,1,1,1,7,1,1,6,1,1,7,1,7,1,7,3,7,2,7,4,7,2,7,3,1,1,5,7,3,5,7,7,6,6,7,4,7,3,7,7,5,7,7,7,7,7,7,5,7,3,7,3,7,1,1,1,7,3,1,1,1,1,1,1,1,1,2,6,7,7,4,7,6,7,6,7,7,7,7,6,7,7,7,1,1,1,1,1,1,1,1,1,2,2.666666667,5.416666667,5.416666667,5.916666667,6.583333333,1.65,1.6,5.714285714,1.555555556,4.2,6.083333333,7,1,1.5,16,8,4,0
37,1,0,0,21,5,3,6,3,3,5,2,1,7,6,1,5,1,1,5,2,4,5,4,1,6,5,2,6,6,5,5,2,5,4,4,4,6,4,7,5,5,1,6,1,1,5,2,2,1,4,3,7,5,3,6,6,1,5,5,2,3,1,2,6,6,5,4,1,1,6,2,1,2,6,1,1,5,6,1,1,1,6,1,1,1,1,6,2,6,5,6,5,5,1,6,2,6,2,2,1,5,6,6,1,2,2,5,2,6,5,5,4,5,1,1,1,1,1,4,1,1,1,4,4,4,4,5,5,4,6,5,6,4,1,2,1,1,1,6,5,1,2,4,2,NA,2,1,1,1,5,6,5,6,6,1,5,1,6,7,1,1,1,6,2,1,4,1,2,1,2,1,1,1,1,7,1,1,1,6,1,2,6,1,1,7,1,6,NA,6,2,6,1,5,3,7,1,7,5,3,1,2,5,2,7,7,6,4,3,7,2,3,3,4,4,2,1,7,7,6,4,5,1,5,6,5,6,2,2,2,2,2,2,2,2,3,3,2,2,3,2,2,6,4,7,6,7,7,7,6,6,6,7,7,7,7,7,7,2,1,2,1,2,2,2,3,1,2,1.583333333,5.166666667,4.166666667,5.083333333,4.666666667,1.65,2.15,5.142857143,1.333333333,4.2,5.652173913,6.222222222,1.444444444,1.588235294,12,8,4,0
38,0,0,0,28,1,8,3,3,4,5,7,3,3,6,3,7,4,4,3,5,2,5,3,3,3,6,3,3,4,5,7,2,6,6,3,2,5,3,5,5,7,2,4,1,3,6,3,6,4,6,2,6,5,2,5,7,2,5,7,3,1,1,4,3,5,7,2,1,1,6,3,1,3,6,1,1,4,6,1,1,1,6,1,1,2,2,4,1,6,5,5,6,6,1,4,7,5,2,1,5,3,4,5,1,4,1,5,2,6,5,6,3,5,1,1,1,1,3,2,1,1,1,4,4,4,2,4,6,5,3,5,5,3,2,6,2,3,2,6,6,5,3,6,4,4,2,4,2,2,4,6,7,7,6,1,6,2,6,5,3,2,5,6,3,2,4,2,2,2,4,2,2,2,4,7,2,2,5,5,5,4,3,2,5,7,5,6,5,5,6,6,5,6,5,6,4,5,3,3,1,5,4,2,5,4,3,6,3,5,4,3,2,5,6,3,3,7,5,2,2,6,2,6,5,7,4,3,2,2,2,2,4,2,3,2,2,4,3,5,4,3,6,5,6,2,6,5,6,5,4,6,4,6,6,7,6,5,2,1,3,1,2,3,2,2,2,5,2.75,3.416666667,4.5,4.083333333,6.583333333,1.7,3,5.142857143,1.333333333,3.6,5.083333333,6.111111111,2.111111111,4.222222222,8,4,4,1
39,1,0,0,33,4,8,7,7,7,7,6,1,7,6,1,6,1,6,6,1,2,6,7,1,7,7,1,7,1,3,6,1,1,7,1,1,7,2,1,7,7,1,6,2,1,7,1,1,7,1,1,6,2,1,7,7,1,4,7,1,1,1,1,7,2,6,1,1,1,7,2,1,1,6,1,2,2,5,1,3,3,5,1,2,1,2,5,2,6,2,5,6,6,2,5,2,6,4,2,4,2,4,5,2,2,2,4,5,6,5,3,1,2,1,1,1,1,1,1,1,1,1,4,4,4,4,5,7,6,6,7,7,1,1,1,1,1,1,7,7,6,1,7,1,4,1,4,1,1,6,7,7,7,7,1,6,1,7,7,1,1,1,7,1,1,1,1,1,1,1,1,1,1,1,7,1,1,1,6,4,1,7,1,1,7,1,7,1,7,5,5,5,7,5,7,2,7,5,2,1,1,1,2,7,2,7,6,2,7,7,5,7,7,7,1,7,6,7,7,7,7,2,7,7,7,7,6,1,2,3,3,3,2,3,2,2,3,2,6,4,3,3,7,7,7,7,7,7,7,7,7,4,7,7,7,7,7,1,1,2,1,1,1,3,1,1,1,1.166666667,5.416666667,5.916666667,6.75,6.583333333,1.7,2.7,3.428571429,1,4.2,6.583333333,6.888888889,1.166666667,1.888888889,13,9,3,0
40,0,0,0,26,1,2,6,7,2,7,7,1,5,7,1,7,1,2,5,1,2,7,6,1,7,5,1,7,4,5,7,1,2,5,1,2,7,4,5,7,7,1,5,5,1,6,1,5,2,2,1,7,7,1,7,7,1,6,6,1,1,1,1,4,2,6,2,1,6,7,1,1,5,6,1,1,2,7,1,1,1,6,1,2,1,1,6,1,7,1,6,7,6,1,7,1,7,1,2,1,6,6,6,1,3,1,6,1,6,6,6,4,6,2,1,1,1,1,1,1,1,4,5,5,4,3,5,7,6,7,4,3,2,1,2,1,2,1,6,7,5,1,7,1,4,2,1,1,1,6,6,7,7,7,1,6,1,6,7,1,2,1,7,1,1,2,1,1,1,1,1,1,1,2,7,1,1,1,7,2,1,1,1,1,6,1,6,3,7,2,7,1,7,5,7,1,7,1,1,1,2,6,1,7,6,7,6,1,7,4,3,6,7,6,1,3,3,7,3,6,7,1,7,7,7,7,6,1,2,1,2,2,1,2,1,2,1,1,2,2,2,7,6,7,6,7,6,7,7,7,6,7,7,7,7,7,7,1,1,1,2,2,1,1,1,1,7,1.083333333,5.75,4.416666667,6.5,6.5,1.7,1.45,5.857142857,1.444444444,4.4,6.166666667,6.777777778,1.166666667,1.888888889,18,6,6,1
41,0,0,0,23,1,11,4,6,4,7,2,4,5,4,5,6,3,1,1,1,2,5,6,4,5,6,3,5,6,4,7,6,3,1,1,2,4,5,1,6,7,3,5,6,1,5,1,1,1,2,3,4,5,1,7,6,2,7,6,1,3,2,3,3,1,6,4,1,1,7,2,1,4,5,2,4,1,6,1,1,1,7,1,1,2,1,6,2,6,5,6,4,5,3,4,3,5,3,2,4,5,6,6,4,3,1,6,2,6,5,5,5,6,1,1,1,3,1,1,1,1,1,4,4,5,4,5,6,6,6,1,4,1,4,2,1,1,1,2,6,5,3,4,1,3,1,1,1,1,6,1,7,7,7,5,6,1,6,7,2,3,3,6,4,1,1,1,3,3,1,1,1,1,1,7,1,1,4,6,2,2,5,1,1,6,1,5,1,7,5,7,6,7,4,7,5,6,1,4,1,4,4,4,3,7,7,6,3,4,2,4,5,7,6,4,7,2,7,7,6,5,4,7,7,5,5,7,1,3,2,1,2,2,2,4,3,4,3,3,2,2,6,7,4,6,7,7,7,5,7,7,7,7,7,3,7,6,2,1,2,2,3,1,1,1,1,3,3.25,5.666666667,3.5,6.083333333,5.583333333,1.75,2.85,5.571428571,1.222222222,4.4,5.333333333,6.222222222,1.555555556,2.611111111,12,2,8,1
42,1,0,0,34,3,1,3,3,2,7,7,5,5,3,2,3,2,1,4,5,4,7,6,4,7,6,1,6,5,6,3,2,6,5,4,6,6,1,1,6,5,4,6,1,2,6,1,1,4,5,6,3,6,1,6,5,1,6,7,2,6,1,5,7,6,7,2,4,1,6,3,1,3,6,1,1,3,6,1,1,1,6,1,1,1,2,6,1,6,1,6,7,7,1,7,1,6,1,1,2,6,6,6,1,1,1,6,1,6,6,6,3,6,1,3,1,3,1,4,1,1,1,4,4,5,3,4,7,2,7,3,7,7,1,7,1,2,1,7,7,1,2,5,2,1,1,3,1,4,6,6,7,7,7,3,7,2,5,3,1,1,1,6,1,1,1,7,1,1,1,1,1,1,1,7,1,1,2,4,1,1,7,1,1,7,1,6,1,7,4,7,5,6,6,7,1,7,3,1,1,5,6,5,6,7,3,4,1,4,3,2,2,4,2,2,7,7,6,7,3,2,5,7,6,2,3,2,2,2,2,2,2,2,2,1,1,1,2,2,2,2,7,1,7,1,7,6,7,6,6,7,5,7,4,5,6,7,2,1,4,1,2,1,1,2,1,1,2.5,4.833333333,5.5,4.833333333,4.333333333,1.75,1.4,5.714285714,1.777777778,4,5.125,6,1.666666667,1.722222222,16,8,4,1
43,0,0,1,32,8,5,2,3,3,7,6,1,3,7,1,7,5,5,7,1,2,6,6,1,7,7,3,3,1,1,7,1,5,6,1,2,6,5,2,6,7,1,5,1,1,7,3,6,6,1,1,6,6,1,7,7,2,7,7,1,1,1,5,7,1,7,2,1,1,7,3,2,2,7,1,2,2,5,1,2,1,4,2,1,1,2,4,1,3,6,7,5,5,2,6,3,5,3,2,3,5,6,6,3,4,2,6,4,6,5,6,4,5,1,1,1,1,1,3,1,1,1,4,4,4,4,5,4,6,3,4,3,3,2,4,2,2,1,5,5,7,4,6,6,3,2,2,3,4,4,4,6,7,5,2,6,6,7,5,1,2,1,7,5,1,1,1,1,4,2,1,1,1,1,7,5,1,3,4,5,6,1,1,5,6,6,6,1,5,3,4,5,5,3,5,1,6,3,5,1,6,5,1,7,3,7,6,2,7,7,7,3,7,6,2,6,7,7,2,7,7,2,7,7,7,3,7,1,1,3,4,4,5,1,3,3,2,3,3,2,2,4,5,6,4,6,6,7,4,2,6,6,5,4,6,2,7,1,1,4,2,2,3,4,3,3,7,2.416666667,4.083333333,6.083333333,6.916666667,6.75,1.75,2.85,5.142857143,1.222222222,4.2,4.791666667,5.666666667,2.277777778,3.111111111,9,3,7,1
44,1,0,1,24,4,5,5,4,5,4,5,4,4,4,3,3,3,4,3,4,4,5,4,4,4,4,3,5,5,5,4,2,4,5,5,5,5,4,4,4,4,3,4,3,4,4,4,5,2,4,4,5,4,5,4,4,3,3,5,4,4,3,3,4,4,4,1,1,1,5,5,1,2,5,1,1,2,5,1,1,1,5,1,1,1,2,5,1,5,1,5,5,5,1,5,1,NA,NA,2,1,5,5,5,1,1,3,5,3,5,5,4,3,5,1,1,1,1,3,3,1,1,2,3,3,4,3,3,7,6,7,3,7,1,2,4,1,5,1,4,7,5,1,2,1,1,1,1,1,4,7,4,6,6,6,1,7,1,7,7,1,1,5,7,2,1,2,1,4,1,1,1,1,1,4,6,1,1,6,5,5,1,4,1,3,7,1,7,1,6,5,7,5,6,4,7,4,6,6,7,1,3,3,4,5,4,4,4,3,4,3,3,4,3,3,3,4,5,4,3,4,4,3,3,4,4,5,4,3,3,3,3,3,3,3,3,3,3,NA,3,3,3,5,7,6,4,7,3,7,7,7,7,7,7,4,7,7,7,1,2,3,1,1,2,1,2,1,4,3.083333333,4,3.75,3.916666667,3.916666667,1.75,2.166666667,4.571428571,1.555555556,3.2,5.541666667,6.666666667,1.277777778,3.222222222,4,4,6,1
45,0,0,1,35,9,10,6,4,6,4,5,1,6,6,2,3,3,4,6,2,4,3,6,2,6,6,4,6,2,2,5,4,2,2,5,2,6,4,2,6,6,4,6,6,2,6,2,2,6,3,5,3,5,2,6,6,1,6,5,3,3,6,4,6,4,6,2,2,1,7,1,1,7,7,1,1,2,6,2,2,1,7,2,2,2,1,7,1,7,3,7,7,7,2,7,3,7,2,4,2,6,7,7,3,3,2,7,2,7,7,5,4,7,1,1,1,1,3,2,2,2,1,4,4,4,3,3,5,4,5,5,3,5,2,3,2,4,3,4,5,4,1,4,3,4,4,5,2,3,2,4,5,5,5,3,2,1,6,5,4,4,2,6,3,4,3,2,2,1,5,4,4,1,2,6,5,2,4,5,5,3,4,2,2,5,3,5,4,5,3,5,3,5,3,5,4,5,2,3,4,2,2,2,6,4,6,4,5,6,6,6,6,3,6,2,6,2,6,6,5,3,5,6,5,5,4,4,1,1,2,1,1,1,1,1,1,1,1,2,1,1,6,3,6,5,6,4,5,7,5,4,3,6,5,5,7,4,2,2,3,3,3,3,3,3,3,4,3.25,5.25,4.583333333,5.25,5.083333333,1.75,1.8,6.142857143,1.555555556,3.6,4.5,4.888888889,2.666666667,3.388888889,6,0,2,1
46,1,0,1,30,4,10,4,2,7,5,4,4,4,1,4,4,1,7,4,4,7,4,4,1,7,7,1,1,4,7,7,2,7,7,4,7,6,4,3,6,7,4,4,1,5,7,4,4,4,7,7,4,1,1,4,7,1,4,7,4,7,1,4,7,1,4,5,1,1,7,2,1,4,5,1,1,1,5,1,1,1,5,1,1,1,2,5,1,4,1,5,5,5,1,4,2,5,2,2,1,3,5,5,1,1,1,4,4,7,5,4,1,4,1,1,1,1,1,4,1,1,4,3,3,3,1,1,4,6,6,7,5,4,4,3,3,6,2,7,4,1,4,7,2,1,2,2,1,1,7,6,6,6,6,4,5,4,5,4,4,4,3,4,4,3,2,4,1,4,4,4,4,4,1,4,1,1,1,4,1,4,7,1,1,7,1,4,1,4,1,4,4,4,1,5,1,4,4,1,2,4,1,7,4,1,4,1,4,7,4,1,1,4,1,2,5,7,3,4,1,1,4,7,4,1,4,7,1,3,3,3,3,4,3,3,3,4,3,5,3,3,4,4,4,5,5,2,6,4,6,6,6,7,7,4,4,4,4,4,4,1,4,4,4,4,3,1,2.666666667,2.833333333,5.583333333,4.166666667,4.25,1.75,2.35,4.142857143,1.666666667,2.2,5.125,4.888888889,3.388888889,1.833333333,5,5,-1,1
47,0,0,1,32,6,6,4,5,3,5,6,3,6,5,1,5,2,4,5,1,2,6,5,4,6,5,2,4,2,4,5,1,3,6,4,2,5,2,2,5,5,1,5,4,1,4,2,2,5,2,2,6,5,2,5,5,2,4,5,5,2,2,5,3,5,5,1,1,1,5,1,1,5,5,1,1,1,5,2,1,2,5,2,1,2,1,5,2,5,4,5,5,5,2,5,1,4,2,2,2,5,5,5,2,1,1,5,2,5,5,2,3,5,1,1,1,1,2,2,1,1,1,3,3,3,2,4,6,6,6,6,6,4,5,5,1,6,4,6,5,5,1,6,1,5,2,2,2,2,6,6,6,6,6,2,6,2,6,6,2,2,2,6,2,2,2,2,2,2,6,2,2,2,2,6,2,2,2,6,2,2,6,2,2,6,2,6,2,6,2,6,4,6,4,6,6,6,2,2,1,4,5,3,7,4,7,6,2,4,6,4,5,4,6,3,6,4,7,6,6,6,2,6,3,6,3,3,3,3,3,3,3,3,3,3,3,3,4,3,3,3,6,4,3,3,7,2,4,7,7,6,6,6,6,6,6,6,2,2,2,2,2,2,2,2,2,2,2.166666667,4.5,4.833333333,5.166666667,5.333333333,1.8,2.5,4.428571429,1.222222222,3,5.416666667,6,2,2.666666667,13,5,5,1
48,0,0,0,45,16,1,5,5,3,6,5,3,5,5,1,5,5,1,6,1,3,5,7,4,5,5,1,6,2,2,5,1,1,5,2,3,3,4,3,6,5,1,5,5,2,5,2,2,3,5,3,3,5,3,7,5,1,5,7,2,3,2,3,5,5,5,1,1,6,5,2,2,3,6,1,1,2,5,1,1,1,6,1,1,1,1,5,1,5,2,6,5,4,1,5,2,5,2,2,1,4,6,6,2,1,2,5,3,4,5,4,4,6,4,2,2,4,2,4,1,1,3,4,2,4,4,4,5,5,5,3,2,2,2,3,3,3,1,5,5,5,1,5,2,3,2,2,2,2,5,4,5,5,6,2,6,2,6,5,5,2,3,6,3,3,3,2,6,2,6,3,5,4,3,6,4,4,4,4,4,4,4,4,6,3,6,6,5,5,5,5,4,5,4,4,5,5,2,6,4,3,5,3,7,7,7,5,3,4,6,6,7,6,5,5,5,3,6,6,3,5,5,5,6,5,5,3,3,2,3,2,3,3,2,3,4,3,3,4,2,2,5,6,6,5,5,5,7,7,6,6,6,6,6,6,6,3,2,2,4,5,2,3,3,3,4,4,2.666666667,5.583333333,4.75,5.666666667,5,1.8,2.25,4.714285714,2.555555556,3.6,5.125,5.333333333,3.111111111,4.444444444,3,-3,5,1
49,1,0,1,23,0,6,3,7,6,7,7,1,7,6,1,7,4,7,4,1,4,2,7,1,7,7,1,7,4,2,5,1,3,5,1,1,2,5,3,6,7,2,6,1,1,7,2,2,4,5,1,3,7,3,7,7,3,7,7,5,1,1,3,5,1,7,2,1,1,6,1,3,6,5,1,2,2,6,1,1,1,7,1,2,1,2,5,3,4,5,5,6,5,2,2,2,6,3,3,3,4,5,5,1,1,1,6,2,4,6,4,5,5,7,2,2,2,1,1,1,1,5,4,4,5,4,5,5,7,5,4,6,3,2,2,1,2,1,7,7,6,1,4,3,3,1,1,1,1,6,6,7,7,7,1,7,1,7,6,1,1,4,7,1,1,1,1,1,1,1,1,1,1,1,7,1,1,5,7,1,1,4,1,1,7,1,7,1,7,4,7,4,7,5,7,2,6,6,1,1,5,2,2,7,1,7,4,6,7,4,6,5,7,7,6,5,7,7,6,3,7,5,5,3,7,5,7,2,3,2,1,3,4,3,2,3,6,2,4,3,3,6,5,6,6,7,6,7,7,5,7,7,7,7,7,7,7,1,1,1,1,1,1,1,1,1,4,3.083333333,5.833333333,4.75,6.166666667,6.583333333,1.8,2.85,5.142857143,2.444444444,4.4,5.958333333,6.888888889,1,2.166666667,10,10,0,1
50,0,0,1,30,4,10,1,5,1,6,5,5,5,5,3,5,5,3,5,1,7,2,6,1,5,5,5,2,5,2,4,3,1,1,1,1,3,1,6,5,5,1,5,5,1,6,3,3,1,1,3,2,3,3,7,7,2,2,5,2,2,1,4,1,1,5,1,1,1,4,3,2,1,3,1,1,1,6,2,1,1,5,2,2,1,1,4,1,7,5,3,4,2,1,5,4,3,4,4,2,4,5,5,2,2,2,4,3,4,3,3,1,2,2,1,1,1,2,2,1,1,5,4,4,4,2,5,7,4,6,6,7,4,2,2,1,5,1,6,6,3,1,5,2,1,2,2,1,1,3,5,6,6,6,1,7,1,4,5,1,1,1,6,4,4,1,6,5,1,1,1,1,1,1,7,1,1,4,6,1,1,6,1,1,7,1,7,4,6,5,7,5,5,5,7,2,7,1,1,1,7,7,3,5,5,7,1,6,7,3,6,7,7,7,5,2,3,7,5,7,5,6,5,6,6,4,7,4,5,2,3,4,1,5,4,6,3,5,4,3,3,5,4,6,6,7,3,7,7,6,6,6,7,7,7,7,7,2,1,2,1,1,2,1,3,1,2,4.083333333,4.166666667,3.583333333,6.25,5.083333333,1.8,3.25,3.142857143,1.777777778,3.8,5.458333333,6.111111111,1.722222222,2.5,18,6,6,1
51,0,1,1,24,5,3,4,7,4,7,7,3,7,6,1,4,3,1,4,2,2,3,6,4,4,5,3,4,2,4,6,1,1,5,4,2,6,3,5,6,6,2,7,2,1,7,4,1,1,4,5,1,4,4,6,6,5,5,5,4,2,2,3,4,5,6,1,1,1,7,2,1,6,6,1,1,2,7,2,2,4,6,2,2,2,1,6,1,7,2,6,5,6,1,6,2,5,1,2,2,5,6,6,1,3,3,6,2,6,6,6,3,5,2,2,2,1,2,2,2,1,2,5,5,5,4,4,7,7,7,6,6,7,2,2,1,1,1,7,6,2,1,6,1,4,2,2,1,1,6,5,7,7,7,2,5,1,6,7,4,1,6,7,2,1,2,1,2,1,4,1,2,1,7,7,2,1,2,6,5,2,2,2,5,7,4,7,4,7,6,7,6,6,5,7,6,7,1,1,1,4,4,2,7,7,6,6,5,4,6,4,7,4,6,2,3,6,7,7,4,3,7,4,4,6,5,3,1,2,1,2,2,1,2,3,2,2,3,3,2,2,6,1,6,6,7,7,7,7,7,6,6,7,7,6,7,4,1,1,2,1,1,1,1,2,1,6,3.416666667,5.75,4,5.166666667,5.666666667,1.85,2,5.428571429,1.777777778,4.6,5.958333333,6.222222222,1.222222222,4.222222222,18,6,6,1
52,0,1,0,33,2,10,3,5,3,6,6,2,6,6,2,6,2,2,2,2,2,6,6,3,5,5,2,3,7,2,6,1,2,3,5,2,6,6,2,6,6,1,6,5,2,6,3,2,2,4,3,6,5,3,6,6,1,5,6,2,1,1,3,2,2,6,4,1,2,6,6,1,1,6,1,2,2,6,2,1,1,6,1,2,1,1,6,1,6,4,6,6,6,1,6,2,6,2,2,2,6,6,6,2,2,1,6,1,6,6,5,5,6,1,2,1,1,3,3,1,1,2,5,5,5,4,4,6,6,6,5,7,1,1,1,1,2,1,6,6,6,1,6,1,3,1,1,1,1,6,7,7,7,7,1,7,1,6,7,1,1,1,7,1,1,1,1,1,1,1,1,1,1,1,1,1,1,1,1,1,1,1,1,1,7,1,7,4,7,4,7,4,6,5,6,2,7,1,1,1,5,5,2,6,6,6,6,2,5,1,6,6,3,6,2,6,3,6,6,4,5,2,5,6,7,5,6,2,2,2,2,2,2,2,2,2,2,2,2,2,2,7,7,7,7,7,6,7,7,7,7,7,7,7,7,7,7,1,7,7,1,1,1,1,2,2,7,2,5.416666667,3.5,5.5,5.916666667,1.85,1.95,5.857142857,1.666666667,4.6,6.375,6.888888889,1.777777778,2.111111111,18,6,6,1
53,1,1,0,28,5,NA,1,5,2,6,6,1,6,5,3,6,3,1,5,4,2,1,5,2,3,7,5,5,2,2,7,1,4,5,1,3,2,4,3,5,7,2,4,7,1,7,1,2,5,5,2,7,7,1,6,7,1,5,6,2,2,6,2,5,2,7,2,1,1,6,2,1,3,5,1,4,2,6,1,2,1,5,1,2,1,2,5,3,5,4,5,5,5,2,5,6,5,3,3,5,4,5,5,5,2,5,5,4,6,5,5,2,5,1,1,1,1,3,3,1,1,1,5,5,5,4,5,7,6,6,5,6,2,1,2,1,1,1,6,6,6,4,4,2,5,4,3,1,1,6,7,7,7,7,2,7,1,7,7,2,1,1,7,2,1,1,1,1,1,1,1,NA,1,1,7,2,1,3,6,3,1,7,1,5,6,2,7,4,7,5,6,5,6,3,6,3,7,2,2,1,7,6,3,5,7,4,6,7,6,6,6,4,7,5,6,5,1,7,6,3,6,1,7,6,6,6,6,2,3,2,3,3,3,3,3,3,3,3,4,3,3,4,6,7,6,7,7,7,4,6,4,5,7,7,6,7,6,1,1,2,2,1,1,2,2,2,1,3.416666667,5.333333333,5,5.333333333,6.416666667,1.85,3.45,4.571428571,1.444444444,4.8,5.958333333,6.777777778,1.277777778,2.529411765,16,6,6,1
54,1,1,0,31,8,5,3,4,2,5,2,1,5,4,3,2,1,4,6,3,3,2,4,1,2,5,1,5,1,4,5,1,5,5,1,3,4,3,1,5,5,2,4,1,3,3,4,5,6,6,5,2,3,1,5,4,2,4,5,3,4,4,5,5,3,5,2,1,1,6,2,5,3,5,1,1,1,6,1,1,1,5,1,2,1,3,4,1,6,1,5,5,5,1,5,2,6,2,1,3,5,5,5,1,3,1,5,2,5,5,5,3,5,1,1,1,1,1,1,1,1,1,4,4,4,4,5,6,6,4,4,4,2,1,2,1,4,1,3,4,4,1,6,1,3,1,5,1,1,3,5,7,7,7,1,7,1,7,6,1,1,1,7,3,1,5,1,2,1,1,1,1,1,5,7,1,1,3,5,1,1,3,1,2,4,1,5,1,7,5,7,3,6,6,6,1,5,2,2,1,5,6,4,5,4,5,5,6,7,7,4,3,7,5,4,7,7,5,3,2,3,6,7,5,4,3,5,2,3,2,3,4,2,3,3,3,3,2,3,3,3,6,6,7,6,7,4,7,7,7,7,3,7,7,7,7,7,1,1,3,4,3,1,1,2,2,5,3.083333333,3.75,6,4.583333333,4,1.85,2.25,4.857142857,1,4.2,5.291666667,6.888888889,1.5,2.611111111,10,4,4,1
55,0,1,1,25,2,1,5,5,3,7,7,3,7,6,1,6,3,1,4,1,4,7,7,1,5,6,4,4,4,1,5,4,3,7,1,3,3,5,1,6,6,1,5,4,1,5,4,1,5,4,5,6,5,3,7,6,1,5,5,1,2,5,5,5,1,5,3,1,1,4,3,1,1,6,1,2,2,7,1,2,1,7,5,4,1,1,3,2,4,3,4,6,5,3,5,3,6,4,1,2,4,6,6,4,5,4,6,1,7,4,6,5,6,1,1,1,1,1,1,1,1,1,4,4,4,3,4,7,5,6,4,6,3,1,4,1,2,1,6,7,5,1,6,2,6,2,2,1,4,5,6,5,5,7,4,2,1,4,6,1,1,2,7,2,2,4,2,2,1,2,1,1,2,3,7,5,1,4,6,5,2,7,1,1,7,4,7,2,5,2,5,4,6,6,7,1,7,4,2,1,3,5,2,7,7,7,4,1,7,4,7,5,7,5,5,7,4,7,7,4,3,2,5,7,6,3,7,4,2,1,1,5,4,4,2,3,3,2,4,2,2,7,5,7,4,7,6,7,7,6,6,6,7,4,4,7,7,1,1,2,1,1,3,3,2,1,1,3,5.416666667,5,6.5,5.333333333,1.9,3.1,5.857142857,1,3.8,5.875,5.222222222,1.555555556,2.833333333,14,8,4,1
56,1,1,0,28,1,4,6,5,4,6,5,3,5,5,2,2,3,2,2,3,4,5,6,2,4,4,2,5,5,4,3,2,3,3,4,5,2,4,2,5,4,2,5,5,2,5,3,3,2,5,5,5,4,3,5,4,2,6,4,3,5,1,2,4,4,5,1,1,1,5,4,1,2,5,1,2,3,5,1,2,1,6,1,2,1,3,5,1,6,1,5,5,5,2,5,2,6,2,2,2,5,5,5,2,2,1,5,1,5,5,5,3,5,1,1,1,1,3,3,1,1,1,4,4,4,4,4,6,6,6,3,4,2,1,6,1,1,2,5,6,6,2,5,2,4,2,3,2,1,4,5,7,7,7,1,7,1,7,6,2,2,2,6,1,1,1,1,1,1,1,1,1,1,1,7,1,1,2,7,1,1,7,1,2,6,1,6,2,7,3,6,4,6,5,6,2,7,2,1,1,2,4,3,6,6,5,4,3,6,3,4,5,4,3,6,6,3,6,5,3,3,3,5,5,3,6,4,3,3,3,2,3,2,3,3,3,3,2,3,3,3,7,6,7,2,7,7,6,6,6,6,5,6,7,7,7,6,2,1,1,2,2,1,2,2,2,1,2.666666667,5.166666667,3.75,4.75,3.75,1.9,2.25,5,1.444444444,4,5.458333333,6.777777778,1.388888889,1.777777778,17,7,5,1
57,1,1,0,55,24,4,7,3,3,6,3,1,4,6,1,4,5,2,1,3,5,7,3,1,6,7,1,5,2,5,5,1,3,1,6,5,1,4,3,2,5,1,6,2,2,6,6,2,7,3,6,7,2,1,1,4,2,5,7,2,3,1,2,7,3,6,1,1,1,6,1,1,6,6,2,1,5,6,1,1,1,6,1,1,1,6,6,1,6,6,6,6,6,1,6,1,5,2,1,2,6,6,6,2,NA,1,6,2,6,6,6,1,1,5,1,1,1,1,5,1,1,1,5,5,5,4,5,7,7,6,5,6,2,2,3,2,1,1,6,6,6,6,6,5,6,2,4,2,2,5,5,6,6,7,2,6,1,6,7,2,2,1,7,1,1,1,1,1,2,1,1,1,1,1,6,1,2,1,6,1,2,7,2,1,6,1,6,1,6,2,6,5,6,5,5,2,7,5,1,1,1,5,2,7,6,5,3,1,7,6,3,5,2,3,7,5,6,6,6,5,2,1,7,6,5,6,5,2,2,2,2,2,2,2,2,2,2,3,2,2,2,6,6,6,5,6,7,7,2,3,6,4,6,6,6,7,6,1,2,2,2,2,2,2,2,3,1,2.333333333,4.583333333,5.083333333,4.5,4.416666667,1.95,2,4.571428571,1.888888889,4.8,5.625,6.333333333,1.777777778,1.555555556,14,10,2,1
58,0,1,1,58,35,2,4,7,3,6,6,5,5,5,2,5,3,2,6,1,2,2,7,1,5,6,3,6,2,4,4,2,1,3,1,1,2,4,2,6,6,2,6,2,1,6,3,1,4,5,1,1,5,4,7,6,2,5,3,4,2,1,5,1,3,7,4,1,2,5,1,1,4,5,1,2,4,5,1,1,1,5,1,1,1,1,3,1,1,4,5,5,5,2,5,2,5,3,3,3,2,5,5,2,2,1,6,1,5,5,5,2,5,3,2,1,1,1,1,1,3,1,4,4,4,5,5,6,4,7,4,5,4,2,3,1,1,3,4,7,6,1,6,2,2,3,1,2,4,3,5,3,3,6,3,5,2,5,5,2,4,2,6,2,2,1,4,1,1,2,4,1,2,1,5,1,1,2,5,2,2,6,1,1,5,3,6,1,6,1,6,1,6,1,6,1,6,1,4,1,4,5,3,6,6,7,6,6,7,6,4,7,7,7,6,6,6,7,7,3,7,7,4,4,6,3,5,3,3,3,3,5,7,3,3,3,3,3,6,3,3,7,4,6,5,7,7,5,7,6,5,7,6,4,5,6,6,2,3,3,3,2,2,2,2,2,2,3.666666667,5.666666667,4.5,5.583333333,6,1.95,3.1,5,1.555555556,4.4,5.333333333,4.888888889,2.333333333,1.444444444,12,2,8,0
59,0,1,1,34,5,7,3,6,1,7,2,5,6,4,1,2,2,1,1,4,5,2,6,1,5,7,1,5,4,5,3,4,2,6,3,6,6,3,6,6,6,5,7,1,1,6,5,1,5,2,6,2,6,1,7,6,2,2,7,3,7,6,5,7,4,6,1,1,3,7,3,2,2,6,1,2,1,6,1,1,1,5,3,3,2,4,6,2,6,4,5,5,6,1,6,2,6,3,2,3,5,6,6,2,2,1,6,3,6,6,4,2,5,1,1,2,1,2,1,1,1,3,2,2,4,4,5,7,6,7,2,6,2,1,4,2,5,1,7,6,1,4,1,4,6,2,5,1,1,7,5,7,7,7,2,6,3,7,6,1,1,3,7,2,1,2,1,1,1,3,1,5,1,5,7,5,1,3,5,5,1,5,2,5,5,1,7,4,7,6,7,6,7,5,7,2,6,3,1,1,5,7,4,7,7,4,3,6,7,4,3,6,5,2,2,2,7,7,7,6,2,6,7,5,1,3,4,1,2,2,3,2,2,3,3,2,2,2,3,2,2,5,6,7,4,6,3,7,4,4,6,3,7,7,6,5,7,1,1,3,3,1,1,1,1,1,3,4.083333333,5.333333333,5.333333333,5.5,3.833333333,1.95,2.25,4.857142857,1.444444444,3.4,5.208333333,6.444444444,1.277777778,3.666666667,13,7,3,1
60,1,1,0,24,0,10,7,5,7,7,5,1,7,5,1,2,2,4,7,4,4,5,7,1,5,7,1,7,3,1,5,1,1,7,1,3,7,5,1,5,6,2,6,4,1,6,1,1,6,4,2,2,5,1,5,6,1,7,7,3,2,1,4,7,1,7,2,1,1,1,3,1,1,5,1,2,2,6,1,2,1,6,1,3,2,1,5,2,4,3,6,6,4,2,5,3,5,2,3,1,4,5,5,4,2,1,6,2,6,5,5,3,5,1,1,1,1,2,4,2,1,1,3,4,4,4,3,5,5,5,5,2,2,3,1,2,3,1,6,5,4,2,7,3,3,3,1,1,1,6,7,6,6,6,2,5,2,6,6,2,3,2,7,3,1,3,1,1,1,5,1,5,1,2,5,5,2,4,4,5,4,4,1,2,5,5,5,1,5,4,6,5,5,4,5,1,6,2,4,1,1,1,3,7,4,4,4,3,7,5,7,7,7,5,1,7,4,7,7,4,6,6,7,5,6,4,7,7,3,2,2,3,4,2,2,4,3,3,4,3,3,6,6,5,7,6,5,7,6,5,5,7,7,7,6,6,6,1,3,4,3,3,3,2,3,3,4,1.75,5.916666667,5.666666667,5.833333333,5.416666667,1.95,2.7,5.142857143,1.555555556,3.6,5.541666667,5.888888889,2.222222222,3.388888889,11,3,7,0
61,1,1,0,41,15,11,6,4,6,6,6,2,6,6,3,6,3,2,4,2,6,7,6,6,6,6,2,6,4,6,6,2,4,2,5,2,3,6,4,5,6,2,6,6,2,7,2,2,4,6,1,2,4,2,6,7,2,7,6,5,4,1,4,5,3,6,3,1,1,5,5,1,2,6,1,1,2,6,3,1,2,6,1,2,2,2,5,2,7,2,7,5,6,2,6,3,6,2,2,3,3,2,5,2,3,2,7,2,6,6,6,6,6,1,3,1,2,2,2,1,1,2,4,4,5,4,4,5,4,5,5,6,1,1,3,2,4,1,6,7,4,1,5,2,2,3,2,2,2,6,6,6,6,6,2,6,2,6,6,3,2,2,6,2,2,2,2,7,2,4,2,2,2,4,6,2,3,2,6,2,2,3,2,1,6,3,6,2,5,4,6,4,5,4,6,2,6,2,3,1,2,2,2,5,6,6,2,1,2,4,2,4,3,6,5,4,2,6,6,2,7,6,6,3,4,4,5,3,2,2,2,3,1,1,3,2,2,2,5,6,3,6,7,7,5,6,4,7,7,6,5,6,6,6,6,6,5,2,2,2,2,2,3,2,3,2,5,2.5,5.416666667,3.583333333,4.583333333,5.75,1.95,2.55,6.142857143,1.666666667,4.2,5.541666667,5.888888889,2.166666667,3,12,4,6,0
62,0,1,0,27,5,3,1,2,4,5,5,4,3,6,4,5,6,6,4,4,1,4,4,5,4,5,4,6,7,6,5,4,6,6,4,5,3,3,5,5,5,7,3,1,4,7,5,7,4,5,2,5,4,2,5,6,1,5,5,7,2,5,3,7,4,7,2,1,1,6,4,2,2,2,1,1,2,5,1,1,1,3,1,2,1,2,4,1,7,6,5,2,3,2,4,2,3,2,1,2,2,4,4,2,2,1,5,2,2,4,2,2,2,4,4,4,4,4,4,4,4,3,3,3,3,3,4,6,1,4,6,5,1,3,6,1,7,3,6,6,1,5,4,2,1,6,5,2,6,6,6,4,4,6,2,7,5,7,6,4,6,4,4,2,1,1,1,2,4,1,3,1,1,1,3,3,5,2,7,4,7,4,3,5,4,1,4,4,4,4,4,5,6,7,6,5,4,4,2,3,7,4,2,4,2,4,7,4,3,1,2,2,4,3,5,3,7,4,1,3,6,3,6,1,6,5,4,2,6,3,5,4,1,3,6,5,4,5,6,4,4,6,7,5,2,7,1,5,3,6,2,3,6,2,6,3,4,4,5,1,4,4,4,4,2,2,4,4.583333333,3.333333333,4.333333333,3.75,5.583333333,2.05,3.15,3.285714286,3.888888889,3.2,4.208333333,5.222222222,3.388888889,3.111111111,3,3,-1,1
63,1,1,1,26,5,NA,5,4,6,7,6,1,6,6,2,5,2,2,7,2,3,5,7,3,4,6,1,5,5,1,6,2,4,7,3,2,6,7,1,6,7,2,7,5,1,7,1,1,7,1,2,6,5,1,7,6,2,6,7,4,2,3,2,6,2,6,2,4,1,6,3,2,3,7,1,2,4,7,2,2,1,6,3,2,1,2,5,2,5,6,6,6,5,2,5,2,5,2,2,2,5,6,4,1,2,1,5,3,7,3,5,6,5,3,3,4,2,1,4,1,2,1,4,4,4,5,5,6,6,6,5,4,2,1,2,2,3,1,7,6,5,2,6,2,4,2,2,2,1,6,7,7,7,7,2,7,2,6,6,1,2,1,7,1,1,1,2,2,1,1,1,1,1,2,6,1,1,3,6,2,2,7,1,2,6,2,7,4,6,5,6,5,7,3,5,2,6,2,2,1,3,2,2,6,6,6,5,3,5,3,7,4,5,6,2,7,3,7,7,7,6,2,7,4,6,6,6,2,1,1,2,3,3,2,2,3,3,3,3,2,4,5,6,7,6,6,5,7,6,6,6,6,6,7,6,6,7,1,2,2,2,1,2,2,1,3,1,2,5.833333333,5.25,6,6,2.05,2.5,5.142857143,2.333333333,4.4,5.916666667,6.555555556,1.555555556,2.166666667,13,5,5,1
64,1,1,1,27,2,1,7,5,2,6,2,1,4,6,6,5,5,4,5,1,3,7,7,2,5,7,1,5,2,5,5,1,5,2,5,6,7,5,3,6,7,4,5,4,4,7,2,3,3,6,1,7,5,2,7,7,1,6,7,1,6,1,2,5,2,7,2,2,1,7,4,1,3,6,1,1,3,6,1,5,1,5,2,3,1,2,5,1,6,1,7,5,5,1,6,3,6,1,4,3,5,6,5,2,1,1,5,3,5,5,4,3,5,1,6,5,2,6,3,1,1,6,4,4,4,2,4,5,6,5,4,4,3,2,5,5,1,1,6,4,6,6,5,4,6,2,4,2,1,4,5,6,6,6,1,7,3,6,6,2,3,6,5,5,4,5,3,2,2,4,5,2,1,5,6,1,1,7,4,5,5,6,1,6,7,2,6,1,5,5,5,5,5,6,4,1,5,5,2,4,1,6,2,2,4,7,5,1,6,6,3,3,3,2,1,5,4,4,5,2,7,1,6,7,2,6,6,1,2,2,3,3,2,1,3,3,2,2,3,2,3,5,5,6,3,3,7,7,2,4,6,4,6,7,7,5,6,3,2,4,1,2,3,3,3,4,2,1.666666667,5,4.75,4.833333333,5.25,2.05,2.1,4.571428571,3.444444444,3.6,5,6.111111111,2.777777778,3.888888889,4,4,-2,1
65,1,1,0,26,NA,6,6,7,1,6,4,2,2,3,2,7,6,4,6,6,5,6,7,1,4,6,5,7,2,4,7,1,4,7,3,2,6,4,2,4,6,5,3,4,6,7,1,3,5,7,2,6,7,2,4,7,1,6,7,7,1,4,1,7,6,7,3,1,1,6,2,1,3,7,1,2,5,6,4,1,2,7,1,2,1,5,5,4,7,5,7,5,4,5,4,5,6,3,3,5,NA,6,5,3,4,4,6,3,6,5,3,6,5,1,5,2,1,2,7,5,1,4,4,5,5,1,4,7,6,4,7,7,5,1,6,1,6,1,7,6,3,7,7,2,1,4,4,1,2,5,6,7,7,7,1,7,1,7,7,2,3,1,7,2,1,1,1,4,1,1,1,1,1,5,7,2,1,2,6,1,2,6,1,1,4,1,6,1,7,5,7,5,7,4,7,2,7,5,1,1,2,7,5,6,4,2,3,2,7,6,4,4,5,6,2,6,4,2,5,1,6,2,6,1,7,7,2,2,1,2,1,3,1,1,3,4,4,2,NA,2,3,5,3,7,2,7,2,7,1,6,4,4,7,6,7,7,6,1,1,2,4,2,1,1,1,1,2,2.75,5.25,6.083333333,3.416666667,6.083333333,2.05,3.368421053,5.142857143,3.111111111,3.8,5.083333333,6.888888889,1.444444444,2.277777778,14,10,2,1
66,0,1,1,23,4,3,6,6,2,6,5,5,7,6,3,6,7,3,4,5,3,3,6,1,5,6,5,5,2,5,4,5,3,6,3,3,3,2,3,5,5,5,5,1,2,6,5,3,6,4,5,3,3,2,7,5,6,3,6,5,3,6,5,5,3,6,1,1,2,5,2,4,2,6,2,1,1,5,1,1,1,4,3,4,2,2,4,2,6,3,5,6,4,1,4,4,5,2,4,3,4,5,6,4,3,1,4,4,2,5,3,1,4,5,4,1,2,7,3,1,1,4,4,5,4,1,4,7,3,7,7,7,7,2,1,1,1,1,7,7,5,2,4,2,7,1,2,1,2,6,7,7,7,7,1,7,1,6,7,1,2,4,7,1,1,1,1,1,1,2,2,1,1,1,7,1,1,2,6,5,4,6,2,1,7,2,7,2,6,3,7,5,7,5,7,2,7,5,2,1,2,6,2,5,5,3,5,5,7,6,3,5,5,5,5,5,7,6,5,4,3,5,6,3,5,3,5,3,2,3,4,4,2,3,2,4,4,3,4,3,2,4,1,6,7,7,7,7,6,6,7,6,7,6,7,7,7,1,1,2,1,1,2,1,1,1,2,5.083333333,4.583333333,5.5,4.75,5.083333333,2.1,2.9,3.285714286,3.111111111,3.6,6.125,6.888888889,1.444444444,2.277777778,13,9,3,0
67,0,1,1,32,4,8,6,2,6,7,6,2,6,7,1,7,5,2,6,2,2,6,6,1,6,7,2,3,4,2,5,1,4,7,6,1,5,3,3,5,6,1,7,4,2,6,3,2,4,6,2,5,3,2,6,6,1,7,7,2,1,3,5,5,3,7,2,1,1,5,3,1,2,5,1,2,4,6,1,6,1,6,2,2,2,1,4,2,5,2,5,6,6,3,5,2,4,3,2,2,5,5,5,3,2,2,6,1,3,6,5,1,6,1,1,1,1,1,4,1,1,1,4,4,5,4,4,6,6,6,6,4,1,1,1,1,1,1,5,4,6,1,7,2,2,1,2,1,1,5,6,7,7,7,1,6,1,6,6,1,5,2,6,2,2,2,2,2,2,2,2,2,2,2,6,2,2,2,6,2,2,6,2,2,6,2,6,2,5,3,6,2,6,5,6,2,5,2,2,1,2,2,1,7,6,6,6,2,7,4,6,4,2,7,3,5,4,6,6,2,6,3,6,6,7,3,5,3,3,2,2,4,3,3,2,2,3,4,3,3,3,7,7,7,7,7,7,7,7,6,7,6,7,7,7,7,7,2,2,2,2,2,3,2,2,2,2,2.333333333,4.666666667,4.833333333,5.333333333,6.333333333,2.1,2.65,4.857142857,1.333333333,4.2,6.041666667,6.666666667,2.222222222,2.222222222,10,4,4,1
68,0,1,0,26,NA,8,6,3,4,6,4,2,6,6,2,7,2,5,6,3,1,6,3,1,7,6,2,7,4,2,6,2,6,3,3,6,6,3,3,6,7,2,6,2,5,7,5,3,6,2,1,6,5,2,6,6,2,6,7,2,3,2,6,7,2,7,3,1,1,6,7,2,2,6,1,2,3,6,1,1,1,6,1,3,2,3,6,1,6,5,6,6,6,3,6,4,6,2,4,2,5,6,6,3,5,2,6,2,6,6,6,2,5,3,6,1,1,5,4,1,1,2,5,4,4,5,4,7,6,7,6,5,4,2,2,1,1,1,7,7,6,3,7,1,4,2,3,1,3,5,6,7,7,7,1,6,2,6,6,1,3,2,7,1,1,2,1,1,3,1,1,1,1,1,6,1,1,4,6,2,3,6,3,5,6,2,6,6,6,3,7,2,6,5,6,1,7,6,1,1,2,4,2,6,3,5,7,2,7,4,6,2,5,2,2,5,6,3,5,6,7,2,6,6,5,2,6,2,2,2,2,2,2,2,2,2,2,2,3,2,2,6,4,6,6,7,7,7,5,7,6,5,7,5,7,6,7,1,2,2,2,2,2,1,2,2,2,2.25,4.25,5.25,5.666666667,5.916666667,2.1,2.6,5.285714286,2.666666667,4.4,6.041666667,6.555555556,1.833333333,2.333333333,13,11,1,0
69,0,1,0,35,9,10,6,4,3,4,6,1,4,5,1,7,4,2,1,1,1,5,6,2,4,5,2,3,4,4,5,6,6,5,3,4,6,4,4,5,6,1,7,6,1,5,4,1,1,3,3,5,6,6,7,6,2,5,5,3,2,1,3,4,5,6,2,2,2,5,5,2,6,7,1,1,3,6,4,2,1,7,1,1,1,1,6,4,4,3,5,6,6,2,6,3,6,3,1,3,6,6,5,2,3,2,6,2,7,7,2,4,4,3,1,2,1,1,2,1,2,1,4,3,4,3,5,5,4,5,5,5,5,2,5,2,5,2,5,5,3,1,5,2,4,5,2,2,2,4,5,7,6,6,1,7,1,5,6,4,5,4,5,2,4,3,3,5,2,6,2,2,2,5,5,2,2,2,6,2,4,4,3,6,6,2,6,5,6,5,5,5,5,5,4,3,6,4,1,1,2,5,3,7,6,7,7,3,6,4,4,2,5,4,2,4,2,7,7,5,5,3,2,5,6,5,3,3,1,2,1,2,4,3,2,2,2,2,2,2,3,6,3,6,3,6,3,6,7,6,3,6,6,6,7,7,4,3,3,2,2,2,2,3,3,4,4,2.583333333,4.916666667,3.5,5.25,5.666666667,2.1,2.5,5.142857143,1.555555556,3.8,4.833333333,6.111111111,2.833333333,3.777777778,12,8,2,1
70,0,1,1,30,6,5,1,4,4,4,6,1,6,6,2,7,5,2,6,1,2,6,6,1,6,6,4,5,4,1,2,2,3,6,3,1,4,4,4,7,1,6,4,2,7,2,4,4,4,6,6,2,5,1,7,7,2,6,6,2,1,2,4,4,1,7,1,1,3,5,2,2,3,5,1,2,2,6,2,2,2,5,3,2,2,2,4,99,6,5,5,6,6,2,6,2,6,3,2,2,6,5,6,2,2,3,6,1,6,6,5,5,6,2,1,1,2,1,3,2,1,1,4,3,5,4,5,5,5,5,3,5,5,5,4,1,6,2,5,7,3,1,5,NA,1,4,5,5,6,6,6,7,1,6,1,5,4,6,6,4,5,5,6,2,2,4,1,4,2,5,1,1,1,5,7,2,5,6,5,5,3,4,5,5,6,2,6,5,6,6,2,6,6,5,6,5,4,1,1,1,7,4,2,6,6,7,6,2,7,4,7,5,5,7,4,4,6,1,4,2,2,6,7,6,7,4,7,3,3,2,3,4,2,3,2,2,2,2,2,3,2,7,3,3,4,7,2,6,7,NA,4,3,3,2,7,4,4,2,1,3,2,2,2,6,2,2,4,3.75,4.916666667,5,5.416666667,5,2.15,7.3,5.857142857,1.555555556,4.2,4.347826087,5.111111111,2.611111111,4.277777778,9,3,3,1
71,1,1,0,23,2,1,3,5,7,5,5,1,4,6,3,6,1,6,6,4,2,3,5,2,6,6,2,6,5,5,6,2,7,6,5,2,2,5,1,6,6,3,4,6,2,6,4,5,5,5,5,2,7,7,5,7,1,7,7,5,1,1,3,6,1,6,4,4,3,7,2,3,4,6,1,1,1,6,2,2,3,6,2,1,1,2,5,1,6,6,5,7,6,2,6,4,6,2,6,7,6,6,6,1,1,1,5,5,5,5,6,1,6,5,2,1,1,4,3,1,1,3,4,4,4,3,2,3,6,5,4,3,4,2,6,2,5,3,5,7,6,4,3,3,2,3,4,3,1,6,4,5,5,6,2,3,5,6,4,2,6,4,5,5,6,5,5,6,6,5,5,1,3,3,5,3,3,4,5,4,3,4,3,2,1,3,2,1,4,6,7,7,6,2,6,7,2,4,6,6,5,1,2,5,2,4,6,5,6,3,3,1,3,6,6,7,2,6,3,3,3,6,1,3,7,5,7,1,2,2,2,3,2,3,1,2,2,2,2,2,2,3,4,6,2,6,3,5,4,5,5,4,5,7,6,3,6,3,3,3,7,6,4,1,2,2,4,3.083333333,4.5,4.333333333,4.666666667,5.833333333,2.15,2.6,4.428571429,2.333333333,3.4,4.583333333,4.888888889,3.944444444,4,-10,-6,-2,1
72,1,1,1,36,10,11,4,2,5,3,5,3,5,5,1,7,2,2,2,2,4,4,6,3,6,5,2,4,3,4,6,2,5,6,4,3,2,3,4,5,5,3,5,2,2,6,4,1,5,6,3,4,3,2,6,6,3,2,4,2,2,2,4,3,2,2,2,4,3,6,1,1,4,5,1,2,3,4,2,1,1,5,2,1,1,2,4,1,4,1,4,4,5,1,4,2,4,2,1,2,4,5,5,1,2,2,4,4,4,5,4,3,5,2,3,2,2,1,3,2,3,1,4,3,4,3,4,5,3,4,4,4,2,2,2,2,2,1,4,4,4,5,4,3,4,2,3,2,2,4,4,6,5,6,4,7,3,6,6,2,4,2,5,1,2,3,2,2,3,5,3,2,2,4,5,3,2,4,5,4,3,5,4,5,3,4,6,3,4,3,5,4,5,3,3,3,5,4,2,2,4,3,3,7,6,6,4,4,5,5,4,3,4,5,6,4,6,6,7,2,5,4,6,6,6,4,6,2,3,4,3,4,4,4,4,3,4,4,4,3,3,4,6,6,6,6,6,7,3,5,6,5,6,6,4,5,6,3,3,3,5,2,4,3,3,5,3,3.25,4.166666667,4.333333333,5.083333333,5.166666667,2.15,2.6,4.142857143,2.111111111,3.6,4.833333333,5.666666667,3.111111111,3.222222222,7,5,1,1
73,1,1,1,21,1,1,4,6,3,4,6,6,5,6,1,5,6,5,6,2,4,5,7,4,6,6,2,6,6,4,6,3,2,6,2,5,6,5,5,6,6,1,6,7,1,5,2,2,3,3,5,3,5,3,5,7,2,7,7,3,2,1,2,5,1,4,5,1,2,6,2,2,5,4,2,1,1,6,3,2,2,6,2,1,1,1,5,2,6,2,7,3,5,2,2,3,6,3,3,2,5,5,5,2,2,1,4,2,6,5,5,5,6,6,4,3,3,4,4,3,3,3,4,4,4,3,3,7,6,6,6,6,3,2,4,2,7,3,7,7,7,1,7,1,7,5,3,1,1,3,7,6,6,7,2,5,2,5,5,6,4,5,6,2,4,3,3,3,2,5,3,2,2,5,5,3,2,4,6,6,3,6,2,3,5,1,5,6,5,5,6,4,5,3,6,4,6,1,2,1,4,5,2,7,3,6,4,3,4,2,4,6,6,3,2,3,1,7,6,5,3,5,5,5,6,6,7,2,4,2,2,3,2,1,5,3,6,2,3,3,3,6,5,6,4,6,1,5,7,7,3,5,7,7,6,6,2,2,3,2,3,3,3,2,3,2,2,3.083333333,5.666666667,4.083333333,5.666666667,5.083333333,2.15,2.65,5.285714286,3.666666667,3.6,5.791666667,5.333333333,2.666666667,3.666666667,14,4,6,0
74,0,1,0,49,19,0,3,2,6,6,6,1,1,7,1,3,2,7,7,5,1,7,5,1,2,7,1,5,3,4,7,1,4,4,4,3,2,4,5,3,7,5,1,5,3,7,1,3,5,4,1,7,7,1,7,7,1,2,7,5,2,1,1,2,6,6,6,2,1,7,1,1,2,4,1,1,7,5,2,2,4,6,1,1,1,1,2,1,6,2,7,6,6,2,2,2,3,3,2,1,2,6,5,2,1,1,6,2,7,6,5,6,4,2,4,7,2,2,2,2,3,1,4,4,4,3,4,6,2,6,4,5,1,1,1,1,7,1,4,7,3,1,4,1,1,1,7,1,1,7,7,7,6,6,1,2,1,6,1,1,2,2,7,2,1,2,1,2,1,4,1,1,1,1,7,1,1,1,2,2,1,7,1,4,7,4,6,1,6,4,7,4,7,1,4,4,6,2,1,1,5,2,1,7,1,3,7,1,7,5,4,4,4,5,6,3,3,5,5,4,7,1,7,3,6,7,2,1,4,3,2,6,2,1,2,2,6,5,6,2,3,6,7,7,7,7,1,7,7,7,7,1,7,7,7,7,7,1,1,6,1,2,2,1,1,4,1,2.166666667,3.666666667,4.416666667,4.166666667,6.25,2.2,2.6,5.714285714,2.777777778,3.8,5.333333333,5.444444444,1.611111111,2.277777778,14,6,4,0
75,1,1,0,45,2,4,3,1,2,2,5,4,5,5,2,5,4,4,6,2,3,6,4,1,3,5,1,2,3,1,5,1,3,5,3,2,3,2,3,5,4,5,4,2,2,6,2,2,4,5,1,6,1,2,5,5,1,2,5,5,1,1,4,5,1,3,2,1,1,5,4,1,2,5,2,1,4,5,1,2,2,4,1,2,1,4,3,1,3,1,1,4,4,3,3,1,4,2,2,2,4,4,4,2,2,2,3,3,4,3,4,3,3,6,2,1,5,1,4,2,3,1,3,3,3,2,2,6,2,4,4,4,5,1,4,1,6,1,4,4,2,1,7,2,2,1,3,2,1,4,5,7,6,6,1,7,2,6,6,1,2,1,5,1,2,2,5,1,1,4,5,2,5,1,6,2,5,2,3,4,2,6,5,1,6,2,6,2,5,2,5,2,5,5,5,1,6,5,2,2,5,6,3,6,4,6,5,2,7,5,7,5,5,6,5,5,6,6,6,3,7,2,6,3,7,4,7,3,3,3,4,5,5,7,4,4,5,4,4,4,4,5,3,7,4,7,2,7,7,6,7,5,6,7,7,6,7,3,2,5,2,2,3,3,3,3,2,2.75,3.333333333,5.25,4.833333333,5.25,2.2,3.2,3.571428571,2.777777778,2.6,4.833333333,6.444444444,3.222222222,2.055555556,9,7,1,0
76,1,1,1,33,3,1,4,3,3,3,6,2,4,3,2,6,2,3,7,1,4,5,4,2,4,5,2,4,2,5,6,1,5,6,4,1,5,2,2,4,6,2,2,1,3,7,1,5,6,5,1,5,7,1,5,7,1,7,7,4,2,2,5,5,1,7,1,3,1,4,3,2,5,4,1,2,2,4,1,1,2,5,1,2,1,1,3,2,4,4,3,4,3,3,4,4,4,3,3,3,4,4,4,5,1,2,4,2,5,4,5,1,5,2,3,1,2,3,2,1,1,1,4,4,4,2,4,7,6,7,3,4,4,1,7,1,1,1,4,7,1,1,4,1,3,1,3,1,1,7,7,7,5,7,1,7,2,6,4,1,4,1,5,2,4,1,5,1,3,1,3,1,3,1,5,1,2,1,5,1,5,7,2,1,4,1,5,1,4,1,6,2,6,1,5,1,5,5,1,4,4,5,5,6,5,7,4,3,6,6,3,3,4,7,3,6,7,5,3,3,7,3,7,4,6,3,7,4,4,4,3,5,4,5,4,5,4,4,4,4,4,6,4,7,1,7,7,7,7,7,7,5,7,7,7,6,7,3,3,3,4,3,4,2,2,3,1,2.166666667,3.916666667,6.083333333,4.583333333,6.166666667,2.2,3.65,4.285714286,1.777777778,3.6,5.541666667,6.222222222,3.222222222,1.111111111,5,5,-3,1
77,1,1,NA,NA,NA,NA,4,2,6,3,6,3,5,6,3,6,4,5,4,5,3,6,5,4,6,5,2,5,5,4,6,2,6,7,5,2,5,5,4,6,6,6,6,5,4,5,5,3,3,3,4,2,6,2,6,6,3,6,6,2,2,6,6,6,6,4,1,1,1,6,5,2,6,6,2,2,2,5,1,3,2,6,3,2,1,1,4,1,1,2,5,5,5,2,5,4,5,3,2,4,5,5,5,2,3,2,6,1,6,5,6,4,5,2,1,1,3,1,1,1,1,1,4,4,4,2,3,NA,NA,NA,NA,NA,NA,NA,NA,NA,NA,NA,NA,NA,NA,NA,NA,NA,NA,NA,NA,NA,NA,NA,NA,NA,NA,NA,NA,NA,NA,NA,NA,NA,NA,NA,NA,NA,NA,NA,NA,NA,NA,NA,NA,NA,NA,NA,NA,NA,NA,NA,NA,NA,NA,NA,NA,NA,NA,NA,NA,NA,NA,NA,NA,NA,NA,NA,NA,NA,NA,NA,NA,NA,4,2,2,5,3,3,5,2,4,3,4,2,3,6,3,4,3,4,5,5,4,6,6,6,6,2,2,2,2,3,2,4,7,3,3,3,3,3,3,3,3,7,NA,NA,NA,NA,NA,NA,NA,NA,NA,NA,NA,NA,NA,NA,NA,NA,NA,NA,NA,NA,NA,NA,NA,NA,NA,3.833333333,4.333333333,4.166666667,4.416666667,5.416666667,2.2,3,5.571428571,1.333333333,3.4,NA,NA,NA,NA,NA,NA,NA,1
78,1,1,1,24,0,3,1,2,1,7,5,5,5,4,1,5,5,2,5,1,1,1,4,1,5,6,2,1,7,5,6,2,5,3,2,4,2,2,3,5,5,3,4,1,1,7,5,4,1,2,1,2,4,2,6,6,2,4,7,1,3,1,4,6,1,7,2,1,1,5,4,1,3,5,2,2,5,5,1,4,1,5,1,2,1,2,4,3,6,3,3,5,5,1,5,2,5,4,2,1,4,4,4,3,3,1,4,3,5,4,3,1,4,4,1,1,4,1,4,1,2,4,4,4,4,3,5,7,6,6,6,5,1,1,1,2,1,2,6,6,6,2,6,2,6,1,2,1,1,6,6,7,5,7,2,7,1,6,6,2,4,5,7,2,2,4,2,2,2,2,1,1,2,5,4,2,2,2,5,2,2,2,1,2,7,3,6,2,7,5,7,7,7,7,7,5,6,1,1,1,7,7,4,7,6,7,7,7,7,1,3,3,6,4,6,5,7,7,4,6,7,6,6,7,5,4,7,3,3,3,3,4,2,5,3,3,3,3,4,4,4,5,7,7,7,6,7,6,6,6,7,6,7,7,6,7,6,1,4,3,1,2,1,1,1,1,6,4.25,3.583333333,4.916666667,6.083333333,5.833333333,2.25,2.9,3.714285714,2.444444444,4,6.291666667,6.333333333,1.833333333,3.555555556,15,5,5,0
79,0,1,1,28,3,6,3,5,3,7,5,3,5,5,2,5,2,3,4,3,3,3,5,1,5,6,2,5,5,5,5,2,3,2,5,5,6,4,5,5,6,4,5,1,2,6,5,3,2,6,2,5,5,5,6,6,3,6,5,3,3,1,3,3,3,5,3,3,1,6,3,1,3,5,1,2,4,6,2,2,3,6,1,2,2,3,4,2,6,3,5,5,5,3,5,4,5,2,3,3,4,5,6,2,3,1,6,2,6,5,6,2,6,2,1,3,1,5,2,1,3,1,4,4,4,3,4,5,4,5,4,5,2,2,2,2,2,1,6,4,3,2,4,2,4,1,2,2,1,4,5,7,7,6,2,6,3,6,5,1,3,2,6,2,1,4,2,1,2,4,2,4,1,5,5,5,1,3,3,6,2,6,1,2,5,5,5,5,5,5,6,5,5,5,5,2,6,4,3,1,5,5,3,6,5,5,5,5,7,3,3,5,3,3,2,3,7,6,5,2,6,3,3,5,5,5,5,2,3,2,2,4,2,3,3,3,3,3,4,3,2,6,6,6,6,6,6,7,6,6,7,6,6,7,6,5,7,2,3,5,3,3,3,2,3,3,2,3.083333333,5,3.916666667,4.833333333,5.25,2.25,2.8,5.285714286,2.111111111,3.8,5.333333333,6.111111111,2.333333333,3.722222222,10,6,4,1
80,0,1,NA,NA,NA,NA,6,6,5,5,6,6,6,7,2,6,3,4,5,2,2,2,6,2,6,5,5,4,7,5,5,2,5,7,5,4,5,3,3,6,5,2,5,6,2,5,5,2,5,4,3,3,5,2,5,6,2,5,5,3,2,2,5,5,5,5,2,2,2,5,2,2,5,5,2,2,1,6,2,2,2,6,3,2,2,2,5,2,6,3,6,6,6,2,4,6,5,2,2,4,5,4,5,2,3,5,6,3,5,5,5,2,5,2,3,1,2,2,2,1,2,2,2,2,2,3,1,NA,NA,NA,NA,NA,NA,NA,NA,NA,NA,NA,NA,NA,NA,NA,NA,NA,NA,NA,NA,NA,NA,NA,NA,NA,NA,NA,NA,NA,NA,NA,NA,NA,NA,NA,NA,NA,NA,NA,NA,NA,NA,NA,NA,NA,NA,NA,NA,NA,NA,NA,NA,NA,NA,NA,NA,NA,NA,NA,NA,NA,NA,NA,NA,NA,NA,NA,NA,NA,NA,NA,NA,NA,2,3,1,6,4,6,6,6,6,1,3,3,3,4,3,5,2,6,6,4,5,5,6,5,6,3,3,3,3,2,2,3,2,2,2,2,4,3,3,4,3,5,NA,NA,NA,NA,NA,NA,NA,NA,NA,NA,NA,NA,NA,NA,NA,NA,NA,NA,NA,NA,NA,NA,NA,NA,NA,3.583333333,4.666666667,4.25,4.833333333,5.333333333,2.25,2.95,4.714285714,1.888888889,2,NA,NA,NA,NA,NA,NA,NA,0
81,1,1,0,26,2,1,4,5,3,6,6,2,7,5,1,5,2,4,4,4,1,5,7,2,2,5,2,4,5,1,5,2,6,5,3,7,6,5,7,4,6,5,5,4,1,7,1,3,5,7,5,5,2,3,5,5,2,5,6,1,2,2,5,5,1,5,4,2,1,7,2,1,5,5,1,1,1,2,5,3,1,5,1,2,1,1,4,1,7,2,5,6,6,2,5,3,5,4,3,3,2,6,5,2,3,2,6,4,7,5,3,NA,5,2,1,1,1,1,3,2,1,1,4,4,4,2,4,7,7,6,4,5,5,1,2,1,1,2,6,6,3,1,6,1,6,2,2,1,1,4,4,6,6,7,1,6,1,6,6,6,3,2,7,1,4,2,1,1,2,6,4,4,1,1,1,3,1,1,7,1,2,7,1,1,5,2,5,1,5,4,5,5,5,5,4,1,7,7,1,1,4,5,3,7,4,4,7,3,6,3,7,2,5,1,2,1,4,7,5,1,3,3,5,7,6,3,7,1,3,6,3,4,1,3,2,2,3,3,6,2,3,4,3,7,6,7,7,6,7,7,6,6,7,7,7,7,2,1,7,1,3,3,3,3,3,4,1,2.5,4.5,4.333333333,5.166666667,5.083333333,2.25,2.7,5,1.444444444,3.6,5.833333333,5.888888889,2.611111111,2.333333333,12,12,0,1
82,0,1,0,23,3,10,3,2,7,7,5,2,5,7,3,7,3,4,7,2,7,4,5,1,5,7,4,2,5,6,5,1,6,7,6,4,3,3,1,7,7,4,5,1,1,7,3,3,6,5,1,3,2,1,7,6,2,4,7,3,1,1,2,7,5,7,2,5,1,6,2,2,3,6,1,1,5,4,1,5,2,5,1,2,1,1,5,2,6,5,6,5,5,1,6,5,4,3,3,6,4,4,4,5,1,3,4,2,6,5,5,4,5,3,2,1,3,1,1,1,1,1,4,4,4,5,2,6,7,3,7,7,2,4,1,3,2,5,7,5,7,4,7,4,7,2,2,6,1,5,7,7,7,5,1,5,6,6,6,2,2,1,7,3,1,5,1,1,1,6,1,1,1,3,7,1,2,4,6,1,7,7,1,5,7,5,7,1,2,1,7,5,7,1,7,2,6,3,6,2,5,1,1,5,4,6,1,4,7,3,2,2,2,4,5,7,7,7,5,3,7,5,7,5,7,6,3,2,2,4,3,3,2,2,3,3,2,4,4,4,4,6,6,4,7,5,6,3,4,4,6,6,2,7,7,2,6,1,1,2,1,1,6,1,1,1,1,3.25,3.75,5.583333333,4.916666667,5.833333333,2.3,3.25,5,1.555555556,3.8,5.625,5.666666667,1.777777778,2.611111111,7,1,7,0
83,1,1,1,21,0,2.6,3,3,2,7,6,3,6,6,2,5,3,3,6,6,7,5,3,1,7,7,3,5,7,5,5,2,5,5,3,3,5,2,1,4,5,1,5,1,1,5,5,2,4,6,4,4,6,6,6,5,2,4,7,3,2,2,4,1,5,5,4,1,3,6,2,2,2,6,1,1,5,6,1,2,3,6,6,2,2,2,5,2,5,5,5,6,6,3,6,5,5,3,4,6,6,6,6,2,3,4,3,3,7,4,2,1,4,7,1,1,2,1,5,1,1,1,4,5,5,3,5,3,7,3,6,3,1,4,1,1,2,4,6,4,6,7,6,4,NA,2,1,4,1,3,6,6,4,6,4,4,1,4,6,3,5,1,7,1,1,1,1,1,2,1,1,1,1,1,6,1,4,2,6,4,1,6,1,4,3,1,6,2,7,5,6,6,6,6,6,1,7,1,2,1,5,6,2,6,5,2,1,3,7,1,3,3,5,5,3,7,7,7,6,2,4,4,2,5,6,4,3,2,2,2,2,3,3,3,2,2,2,3,2,2,2,5,7,4,7,7,6,4,1,4,6,7,4,7,4,7,5,1,2,2,5,2,1,2,2,2,2,3,4.333333333,4.583333333,4.75,4.916666667,2.35,3.05,3.714285714,2.222222222,4.4,5.086956522,5.111111111,2,2.277777778,17,5,7,0
84,0,1,1,30,NA,9,6,6,6,7,7,2,6,6,1,7,5,6,4,1,2,6,6,3,5,6,4,5,2,2,6,5,4,7,3,2,2,4,2,6,6,1,7,4,1,6,2,1,5,6,5,4,5,3,6,6,2,6,6,1,1,5,4,3,3,6,6,4,2,6,2,2,4,7,1,3,2,6,3,2,1,6,2,3,1,2,4,3,6,1,6,6,4,2,4,4,6,4,2,6,6,6,6,5,4,1,5,4,7,6,7,4,6,4,4,3,4,2,4,4,4,2,4,4,4,4,4,7,5,6,5,7,4,2,3,1,2,1,6,6,4,6,6,1,3,2,1,2,2,7,7,7,3,7,2,7,1,6,6,1,3,4,6,2,3,4,2,4,2,6,3,3,2,5,6,6,3,3,6,4,5,6,3,5,5,2,6,3,5,5,6,5,5,4,3,5,7,5,2,1,2,2,2,7,2,7,6,2,5,6,6,4,5,6,6,6,4,7,7,2,3,4,5,7,7,4,5,2,1,2,2,4,2,2,2,4,4,2,2,2,2,4,4,6,5,7,6,7,2,7,6,7,6,6,6,7,7,2,2,2,3,2,3,2,3,5,2,3.333333333,5.166666667,4.583333333,5.833333333,6,2.35,2.9,5.571428571,3.444444444,4,5.75,6.222222222,2.777777778,4,13,9,3,0
85,0,1,1,25,3,5,3,6,6,7,6,3,7,6,1,4,3,1,5,2,2,6,7,3,6,7,3,7,3,5,5,2,3,6,3,5,3,5,2,6,7,3,7,6,1,6,3,1,6,3,5,6,7,2,7,7,2,6,7,2,5,6,1,5,1,7,5,2,2,5,6,1,4,6,1,2,5,6,1,1,1,5,1,2,1,2,2,4,6,1,6,5,5,2,3,5,5,5,4,6,1,6,5,3,3,2,6,2,7,6,4,6,5,5,2,1,3,1,2,1,1,6,4,4,5,4,4,5,7,6,4,4,1,2,2,1,1,2,7,4,6,5,5,3,4,1,4,1,2,3,7,7,7,7,1,7,3,6,5,2,3,5,7,5,2,2,2,1,1,4,2,4,1,5,5,5,1,5,6,6,6,5,1,3,7,2,6,1,5,5,7,5,7,7,7,2,6,3,2,1,5,2,2,7,7,6,6,2,5,5,3,5,5,3,5,6,2,7,7,5,3,2,6,6,3,7,7,3,2,2,3,6,2,2,3,3,5,3,7,2,3,6,7,6,6,7,7,6,3,5,7,4,7,6,7,5,6,1,3,2,1,2,3,1,1,1,3,3.25,6.5,4.75,6,5.333333333,2.35,3.55,5.714285714,2.444444444,4.2,5.541666667,6.333333333,1.888888889,3.888888889,12,6,4,0
86,1,1,1,23,0,5,4,2,3,7,5,6,6,6,1,7,2,4,6,4,4,5,1,7,6,7,2,1,7,6,6,5,7,6,5,4,4,3,2,3,7,5,5,3,5,7,6,4,3,4,5,3,7,5,6,7,4,1,4,2,5,2,6,6,3,5,3,5,1,6,4,1,3,7,2,2,5,7,6,1,1,7,1,2,4,2,4,5,6,3,2,7,7,4,6,2,5,5,2,2,3,6,5,3,6,2,5,4,7,5,4,7,4,1,1,1,2,1,1,1,7,1,4,5,5,4,5,6,6,6,5,6,2,2,7,1,1,2,7,6,4,2,6,2,6,1,2,1,1,4,6,6,5,7,2,6,1,6,7,1,2,5,7,3,1,1,1,3,2,1,1,1,1,4,6,1,1,5,7,1,1,4,1,1,7,1,6,1,7,3,6,4,6,7,7,2,7,6,1,1,4,5,2,7,4,4,4,3,1,1,2,1,3,4,4,6,5,3,4,4,3,5,3,6,3,2,5,2,1,1,1,4,2,6,1,1,2,3,5,2,3,4,6,6,1,7,7,6,6,6,7,6,7,7,6,7,7,1,2,1,1,2,1,2,2,1,4,4,3.083333333,4,4.666666667,5.416666667,2.4,3.15,5.142857143,1.777777778,4.6,5.833333333,6.333333333,1.333333333,2.666666667,13,11,1,0
87,0,1,0,23,3,10,1,3,1,7,4,7,5,7,2,7,7,7,3,7,1,7,3,1,7,7,1,4,1,7,7,4,1,1,6,7,2,2,5,7,7,7,4,7,1,7,4,1,1,5,1,6,7,1,7,7,3,4,7,2,1,1,1,6,7,7,4,1,2,4,2,6,5,5,6,2,1,6,1,1,1,5,1,1,1,1,3,1,4,7,5,4,4,3,6,4,5,7,1,1,4,4,6,1,1,1,4,6,7,6,4,2,7,1,2,6,1,7,1,1,2,1,3,4,4,5,4,7,2,6,7,5,1,1,1,1,3,1,7,7,2,1,4,1,4,1,5,1,1,6,7,7,7,7,1,7,1,7,7,1,1,2,7,2,1,1,1,4,1,1,1,1,1,2,7,1,1,7,7,1,1,7,1,1,7,1,7,7,7,7,7,7,7,7,7,7,7,1,1,1,7,7,1,6,1,1,7,1,7,7,1,7,2,1,6,3,1,7,7,3,7,2,7,6,7,7,1,4,3,2,3,5,4,3,4,4,2,3,4,4,2,2,7,7,7,7,5,7,7,7,7,3,7,7,7,7,7,1,1,1,1,1,1,1,1,1,1,4.166666667,4.5,4.25,4.583333333,6.25,2.4,3.1,4.571428571,2.444444444,4,5.916666667,7,1,3.333333333,18,6,6,1
88,1,1,1,36,7,2,1,1,1,5,4,2,4,6,2,5,6,4,6,5,4,2,5,1,4,5,1,3,2,5,6,6,7,2,2,6,2,2,6,6,5,4,4,3,5,6,6,4,1,7,6,2,5,2,5,6,5,2,4,5,1,2,1,5,6,5,1,2,1,4,5,3,3,5,2,2,3,5,2,1,3,5,1,2,1,3,5,2,4,3,4,4,3,3,4,3,5,2,2,3,4,4,3,2,3,1,4,3,4,4,3,4,5,4,1,2,2,1,1,1,2,1,4,4,4,2,4,6,4,6,6,2,7,1,4,1,2,1,4,6,2,5,3,4,2,1,4,2,3,4,5,5,4,7,3,6,5,4,5,2,6,7,6,5,6,6,6,6,5,2,5,2,5,2,5,2,4,5,5,2,6,2,4,1,4,1,5,1,3,1,4,5,4,5,5,1,6,6,2,5,7,7,2,6,4,3,4,6,7,6,3,1,6,2,6,2,5,3,4,1,2,6,6,3,7,7,2,4,3,3,3,3,4,4,4,5,4,3,4,4,5,5,1,7,4,7,6,7,3,4,7,4,6,5,5,3,6,2,3,3,4,3,5,4,4,3,6,4.75,3.5,4.416666667,3.916666667,4.75,2.4,3.2,4.142857143,1.666666667,3.6,4.625,5,4.333333333,3.333333333,5,5,-3,0
89,0,1,0,31,6,5,5,6,6,5,4,2,7,7,5,5,2,6,7,1,6,4,6,5,6,6,5,6,2,2,6,4,1,4,3,6,4,5,5,5,4,4,6,7,3,5,6,3,6,2,5,1,4,3,5,5,2,5,5,2,2,3,5,5,2,4,4,3,1,4,4,2,2,4,1,1,2,5,1,2,3,4,1,3,1,2,5,3,2,6,5,5,5,2,4,2,6,3,1,3,5,5,5,2,3,4,5,2,5,5,4,5,4,1,3,3,1,2,1,1,1,1,4,4,4,3,3,7,4,7,6,6,1,1,2,1,1,2,6,7,2,1,4,2,6,2,2,1,1,6,6,6,6,6,2,6,2,6,6,2,2,1,7,2,2,2,2,5,1,1,1,1,1,4,7,1,1,5,6,2,2,6,2,1,7,1,7,1,6,4,6,6,6,2,6,4,7,1,1,1,3,2,1,3,2,7,2,4,3,6,6,7,5,2,4,3,1,5,5,6,3,7,5,6,6,3,6,4,4,3,4,3,6,3,3,3,4,2,3,3,3,6,7,7,6,7,7,6,7,6,6,6,7,7,6,6,6,1,1,2,1,1,2,2,2,2,2,3.833333333,5.166666667,4,5.416666667,4.333333333,2.4,3.1,4.857142857,1.555555556,3.6,6.083333333,6,1.555555556,2.5,18,6,6,0
90,1,1,0,36,3,6,2,1,2,4,1,2,5,6,6,3,3,2,6,6,6,3,2,1,1,2,1,5,2,7,3,4,7,5,6,6,6,3,1,6,5,2,4,1,6,6,5,6,5,5,4,2,1,1,5,4,5,6,5,5,6,2,6,5,5,4,4,1,1,3,5,2,2,5,1,1,4,5,1,1,5,6,1,2,3,1,3,2,6,2,4,5,5,6,4,3,5,3,3,1,5,2,5,2,4,1,3,2,5,4,3,3,5,3,5,3,3,5,5,1,3,1,4,4,4,2,3,7,4,6,5,6,7,1,3,4,2,2,5,6,5,4,5,2,5,1,1,2,1,5,6,7,6,6,1,4,3,6,5,1,7,6,6,5,6,2,5,2,6,2,7,3,5,1,6,3,6,2,2,2,6,2,2,2,6,2,6,1,7,4,5,5,5,6,6,1,2,6,5,1,6,6,2,2,6,2,2,5,7,6,1,1,2,2,2,7,7,2,2,3,4,6,7,3,2,2,3,5,3,3,2,5,2,4,3,3,4,3,3,6,3,6,1,7,5,4,6,6,4,6,7,7,6,7,7,5,7,2,2,6,2,2,1,3,3,2,6,3.583333333,3.166666667,5.666666667,2.833333333,3.166666667,2.4,3.15,4.142857143,3.222222222,3.4,5.458333333,5.888888889,4.055555556,3.055555556,-6,2,0,1
91,0,1,0,37,10,11,2,4,5,5,3,5,6,5,1,5,2,4,3,1,4,4,1,4,6,5,1,5,4,4,6,1,5,4,4,5,2,3,5,6,6,2,5,4,1,5,4,3,5,3,4,5,6,6,5,4,5,4,4,5,5,6,3,5,6,6,2,1,2,5,6,1,6,5,2,2,4,6,4,3,1,6,1,1,1,1,3,1,5,3,7,5,5,2,4,5,4,1,1,3,6,5,5,2,1,1,6,2,6,6,6,1,6,4,6,1,2,6,2,2,3,1,4,3,4,3,4,5,5,6,6,5,6,6,5,1,6,1,5,6,6,6,6,1,4,3,3,2,1,5,4,6,6,5,1,6,1,5,4,5,2,1,6,1,3,2,2,2,2,2,1,1,1,1,6,1,1,4,3,2,2,2,2,2,4,2,6,6,6,5,6,6,6,6,5,4,6,2,2,1,6,3,3,7,4,7,4,4,4,4,4,3,4,3,6,3,4,7,5,5,4,3,2,3,3,5,2,3,3,2,2,5,3,1,3,3,4,4,2,3,3,6,2,2,3,7,2,7,2,7,5,5,6,7,7,7,3,2,2,5,4,2,2,2,2,3,6,3.75,4.25,3.666666667,5.083333333,4.5,2.4,2.55,5.285714286,3,3.6,4.916666667,5.444444444,2.222222222,3,13,5,5,1
92,0,1,0,27,1,10,5,2,7,7,6,4,6,5,1,3,6,1,7,3,2,1,3,2,6,6,2,2,4,5,3,1,7,7,4,5,2,4,6,7,7,2,7,7,3,4,3,1,2,5,6,7,3,5,7,5,3,6,6,1,1,2,6,2,2,7,4,1,1,4,5,1,4,5,1,1,2,6,6,1,1,5,1,1,2,4,4,1,5,3,4,6,7,2,5,1,6,1,3,6,4,5,6,4,3,1,3,6,7,5,4,2,5,7,1,1,1,6,3,1,2,1,5,5,5,4,5,7,4,6,6,6,1,2,6,1,1,1,6,6,4,1,7,1,2,1,2,1,1,7,6,7,4,7,1,7,1,7,7,1,3,1,1,1,1,1,1,1,5,1,5,1,1,1,3,1,1,2,6,1,2,7,1,1,7,1,6,1,7,3,7,5,6,1,7,1,7,1,1,3,3,1,3,7,7,5,6,7,6,4,3,1,4,3,6,2,1,5,7,3,2,1,3,7,7,2,6,4,3,2,3,4,3,4,2,1,3,2,4,3,2,2,7,6,2,7,7,7,7,7,7,6,7,7,7,7,7,7,5,2,1,2,1,1,2,1,1,3.333333333,4.166666667,3.666666667,5.583333333,4.916666667,2.4,2.65,4,2.555555556,4.8,6,6.666666667,2.333333333,1.388888889,16,4,4,0
93,1,1,0,45,4,10,2,6,6,5,6,5,6,6,6,4,5,2,4,2,5,5,5,3,4,6,2,7,4,5,5,1,7,7,7,2,6,5,2,6,5,4,5,2,2,5,4,2,1,3,5,2,4,5,6,7,1,5,7,1,1,7,4,4,5,6,3,1,1,6,3,2,4,6,2,2,3,4,2,2,2,4,2,4,1,2,5,2,5,4,6,6,5,1,5,4,4,3,5,3,4,5,5,1,3,1,5,3,7,5,5,5,5,3,1,1,2,1,1,2,1,1,2,1,2,1,2,4,5,6,6,3,2,3,4,5,3,6,4,3,2,1,6,4,1,2,1,2,4,3,5,5,2,4,6,5,5,4,3,5,5,3,5,6,1,6,1,2,2,5,6,4,1,1,6,4,2,5,4,6,2,2,1,2,6,7,5,3,6,2,6,2,5,6,3,2,6,1,7,1,6,2,2,2,6,6,3,3,5,4,3,1,1,6,2,6,6,6,6,5,3,6,3,7,7,4,3,2,2,4,4,3,3,2,2,3,3,4,4,3,3,5,6,5,4,3,5,2,7,4,6,7,6,4,2,3,3,3,2,4,2,3,2,2,3,5,6,3.833333333,5,4.25,4.5,5.25,2.4,2.85,5.285714286,1.444444444,1.6,4.458333333,3.444444444,2.611111111,4,9,-1,11,1
94,0,1,0,25,0,3,3,3,6,6,5,2,3,6,2,6,5,3,6,3,1,3,5,1,6,4,2,6,3,5,6,2,5,6,7,5,4,3,5,6,6,5,5,2,4,7,5,3,2,6,2,5,5,5,6,6,3,5,5,3,2,2,4,5,5,5,3,3,2,6,5,2,3,6,1,2,5,6,3,1,2,5,1,2,2,3,5,1,6,2,5,5,5,2,5,4,4,3,3,3,5,6,5,2,4,2,5,3,5,5,5,2,5,2,1,1,4,3,2,1,1,1,4,3,4,1,1,7,5,3,4,4,4,3,2,3,4,2,6,4,3,5,5,3,2,2,2,2,2,4,5,6,6,6,2,6,3,6,4,2,2,2,6,2,3,2,2,2,2,2,3,2,2,2,6,3,3,3,6,3,6,6,2,3,6,3,6,3,5,3,6,5,6,2,5,2,6,7,2,5,5,2,2,6,5,5,7,5,7,5,3,3,1,3,4,3,6,4,5,2,6,3,3,5,6,4,3,2,2,2,3,3,2,3,3,3,3,4,3,2,3,5,4,5,6,5,4,6,3,5,6,6,6,6,6,5,6,2,2,2,2,2,3,2,2,3,2,3.583333333,4.333333333,4.333333333,4.416666667,5.583333333,2.45,2.75,4.571428571,1.777777778,2.6,4.75,5.666666667,2.5,2.555555556,4,6,-4,1
95,0,1,1,19,3,10,1,1,1,4,6,5,7,7,6,5,4,4,3,4,4,2,2,5,7,5,4,3,1,3,5,4,3,5,4,6,5,7,6,3,6,7,4,7,1,4,1,3,7,7,6,5,7,4,6,5,6,7,7,7,7,5,6,1,2,7,7,1,1,4,7,1,1,4,4,6,1,7,1,1,1,7,1,1,4,1,4,1,5,2,5,3,2,1,1,3,7,6,1,2,7,4,1,2,2,3,6,6,5,3,6,1,7,1,1,1,1,2,1,2,3,7,5,4,4,4,3,7,3,6,5,4,7,7,6,4,3,2,7,7,3,1,6,6,2,2,7,4,1,4,5,7,7,7,1,4,1,5,7,6,4,4,6,2,1,2,1,2,1,2,1,2,1,3,7,6,1,3,1,1,3,4,1,4,7,7,7,1,7,2,5,4,5,5,5,4,7,6,5,1,7,7,1,2,4,4,4,6,3,7,5,5,4,2,3,2,1,7,5,1,2,3,4,1,1,2,6,4,4,1,1,4,3,3,5,6,7,1,1,4,7,2,1,1,2,4,5,6,7,2,6,1,4,7,7,7,2,2,1,7,1,1,1,3,3,3,4,4.583333333,4.5,4,4.166666667,4.333333333,2.45,3.2,4.285714286,2.111111111,4,4.375,5.888888889,2,3.222222222,9,7,5,0
96,0,1,0,33,6,6,6,5,5,6,6,2,4,7,2,5,5,4,5,1,2,6,5,2,6,7,2,6,2,1,6,2,4,2,2,4,5,4,4,4,6,1,4,5,2,6,2,1,4,4,1,3,5,2,6,6,2,5,6,4,2,2,4,6,5,5,5,2,2,5,2,1,4,6,1,2,4,6,2,2,4,5,3,2,1,2,4,5,4,5,7,6,5,2,5,3,4,2,2,2,4,5,5,2,3,2,5,3,5,5,2,4,5,2,3,1,5,1,4,1,2,3,3,3,4,3,4,5,5,4,6,5,4,4,2,2,1,2,5,6,6,2,7,4,5,5,2,3,3,5,5,4,4,5,2,7,2,6,5,4,5,5,4,2,4,2,2,4,4,6,4,4,5,2,4,2,4,2,4,5,2,5,4,4,3,4,4,4,3,4,5,5,5,6,4,5,4,5,2,2,2,3,1,6,4,7,6,2,6,6,7,4,6,4,3,4,3,6,7,4,7,5,6,4,6,4,3,3,2,2,3,4,4,1,2,3,3,4,4,3,3,5,4,4,6,6,7,6,6,4,3,6,5,5,6,6,4,4,4,4,5,4,5,3,3,4,3,2.5,4.75,4.333333333,5.416666667,5.833333333,2.45,2.95,4.428571429,2.444444444,3.4,5.25,5.222222222,3.888888889,3.833333333,3,5,-1,0
97,1,1,1,51,19,0,5,1,5,7,5,5,4,3,1,4,6,6,4,2,1,3,2,3,4,7,1,1,4,6,5,5,3,4,2,4,7,1,6,4,7,4,2,1,6,7,4,4,1,3,1,2,7,2,6,6,1,2,6,4,5,1,4,6,4,7,4,1,2,5,2,2,4,4,1,1,1,4,1,1,2,2,5,2,2,1,3,1,5,1,4,3,5,1,6,4,2,1,4,6,3,3,5,1,3,1,2,6,3,2,4,1,2,1,1,1,2,1,1,1,2,1,3,4,2,2,4,4,1,3,4,2,6,3,4,2,7,1,3,2,1,4,3,4,1,1,6,1,1,3,4,7,7,7,1,7,4,7,4,1,3,1,6,4,6,2,5,4,2,2,6,1,5,1,6,1,4,4,4,1,5,7,4,1,6,4,6,1,4,5,3,4,4,7,4,4,4,6,2,2,3,3,5,7,2,6,7,5,5,4,2,5,6,4,1,2,7,2,4,5,7,6,6,4,3,4,4,3,4,4,6,5,3,4,5,3,2,6,5,5,3,2,2,5,4,6,1,7,4,4,7,2,7,7,7,4,7,2,2,4,2,2,4,5,4,4,1,3.5,2.916666667,4.416666667,4.75,5.75,2.45,3.2,2.285714286,1.222222222,3,3.625,6.333333333,3.833333333,2.666666667,2,6,-2,1
98,1,1,0,29,3,5,6,4,5,7,7,2,6,6,2,5,5,6,6,2,3,5,5,3,6,6,2,5,4,2,6,3,5,7,6,2,6,4,3,6,6,4,5,6,2,5,5,2,2,4,5,3,6,3,6,6,2,5,2,4,3,2,5,3,2,5,2,1,2,6,4,2,4,6,1,2,2,6,3,3,5,6,1,2,2,5,3,1,6,2,5,6,5,6,5,5,5,5,4,6,3,5,4,3,5,2,5,4,5,6,4,3,5,1,3,1,2,2,4,1,1,3,4,4,3,3,4,6,6,6,4,6,2,2,5,2,1,2,7,5,6,4,7,3,6,3,2,1,2,2,6,7,6,6,2,7,2,5,5,3,5,3,5,2,2,2,2,2,3,4,2,3,2,2,3,3,3,5,6,3,2,6,2,3,3,3,5,4,6,5,6,5,6,5,5,3,6,2,2,2,2,3,2,6,2,6,5,3,5,4,6,3,2,6,2,5,2,6,6,4,3,5,5,4,5,3,6,2,2,2,2,5,2,3,2,3,3,3,5,3,4,4,6,6,3,6,7,6,4,5,5,6,7,6,6,6,5,3,5,2,5,3,2,2,2,3,2,3.083333333,4.5,3.833333333,5.416666667,5.416666667,2.45,3.6,4.571428571,2,3.6,5.583333333,5.888888889,2.777777778,3.277777778,12,4,4,1
99,0,1,1,30,1,5,5,4,4,6,4,4,4,6,3,3,4,4,5,4,2,3,5,1,6,6,3,4,3,4,7,4,5,6,3,4,5,2,2,6,6,3,4,1,2,7,3,3,3,4,2,3,5,1,6,6,2,6,6,5,2,2,4,6,2,6,3,3,2,5,2,2,2,6,1,1,4,5,4,2,2,5,2,3,2,3,5,2,5,4,5,6,5,2,4,3,6,3,2,2,5,5,6,3,3,2,6,2,6,6,6,4,6,5,1,1,1,3,2,1,1,2,4,3,4,2,2,4,5,5,4,4,3,2,3,2,4,1,5,6,5,2,4,2,3,3,3,2,2,4,4,6,6,6,2,5,2,6,5,1,2,1,6,2,2,2,2,2,2,2,2,2,2,1,5,1,1,1,6,1,5,7,2,2,5,2,5,1,5,2,6,2,6,4,6,1,5,3,1,2,3,4,2,5,4,4,6,5,7,5,4,3,5,4,3,6,7,6,5,4,6,5,7,3,6,4,6,3,2,3,3,3,3,3,2,3,4,2,3,3,2,6,5,6,5,6,4,7,6,6,5,5,6,6,6,6,7,2,3,2,3,3,3,2,2,2,1,3.416666667,4.166666667,5.333333333,5.083333333,5.583333333,2.45,2.7,5.714285714,1.888888889,3,5,5.888888889,2.333333333,1.666666667,9,5,1,1
100,1,1,0,26,4,1,1,4,1,7,2,1,7,6,1,2,6,2,7,4,3,4,5,2,5,7,5,2,5,2,5,3,6,4,5,3,1,3,3,7,7,1,5,4,4,5,5,5,5,3,5,2,4,1,7,7,2,2,7,1,5,3,6,5,5,7,1,1,2,6,4,2,5,4,1,2,3,5,NA,4,1,4,1,2,1,4,5,3,5,2,5,6,4,3,5,5,5,5,4,5,4,6,5,5,6,1,5,4,4,5,4,3,4,3,1,1,4,6,4,1,1,4,4,4,4,4,5,6,5,5,5,4,6,3,2,2,1,2,6,5,3,4,2,1,6,1,1,1,1,2,5,7,6,7,1,7,1,6,7,1,4,3,7,2,1,1,2,2,4,4,3,4,2,2,6,2,1,5,5,1,1,5,1,2,6,1,5,1,7,1,6,2,6,7,5,2,6,3,2,1,7,7,2,7,6,4,5,4,6,3,6,2,3,5,7,5,4,4,3,5,3,6,7,7,3,2,3,2,4,3,4,3,3,3,2,4,3,3,4,2,3,4,2,5,6,6,7,6,4,7,7,7,7,7,7,7,7,1,2,3,2,3,1,2,2,3,3,4.166666667,3.75,5.166666667,5.416666667,4.833333333,2.473684211,3.45,4.142857143,2.777777778,4.2,5.208333333,6.777777778,2.111111111,2.5,12,6,4,0
101,1,1,0,25,0,2,6,3,6,7,3,3,5,6,2,6,6,5,3,1,1,6,4,1,4,7,2,5,7,5,6,3,5,4,6,5,2,2,6,5,7,3,4,1,1,7,3,4,1,3,2,6,6,2,7,6,2,3,6,4,5,2,2,3,5,7,2,1,1,5,4,2,6,6,2,5,2,5,2,1,1,4,1,3,3,2,2,4,5,4,5,4,4,2,3,7,5,6,3,6,2,5,5,3,2,2,4,2,6,5,5,2,5,1,1,2,1,1,3,2,1,2,4,4,4,4,5,7,3,6,4,6,5,1,5,1,6,1,7,7,1,1,5,1,1,2,5,1,2,6,6,6,6,7,2,7,2,6,5,2,2,3,7,3,1,1,1,3,2,1,1,1,1,3,6,1,1,3,7,1,1,6,1,3,6,1,6,5,7,2,7,2,7,6,7,2,7,2,1,1,2,2,2,6,3,7,7,2,7,1,3,3,2,3,6,2,7,7,4,5,6,2,6,4,3,6,3,3,2,3,4,6,3,3,4,4,5,3,6,3,3,6,3,7,3,7,2,7,7,7,6,3,7,6,6,6,6,1,2,1,2,2,1,1,1,1,2,3,4,3.666666667,5,5.666666667,2.5,3.95,4.714285714,1.555555556,4.2,5.166666667,6.111111111,1.277777778,2.388888889,17,7,5,1
102,0,1,0,41,3,0,1,2,2,5,7,2,6,6,4,6,2,2,2,6,4,2,6,2,4,4,1,6,7,6,5,1,5,2,2,1,2,5,4,7,6,4,4,1,4,6,2,2,1,6,4,2,2,1,6,4,1,4,4,4,2,1,4,1,5,4,5,1,1,7,4,1,4,6,1,1,7,6,3,4,2,5,1,2,1,4,6,1,6,1,4,5,5,1,6,4,5,5,4,3,5,6,6,1,4,1,6,4,6,5,3,3,5,1,1,4,4,1,2,6,1,1,4,4,4,3,2,5,5,6,5,5,2,4,6,2,4,2,6,6,6,2,6,2,1,1,1,4,1,3,6,6,7,7,6,6,2,6,5,2,2,6,6,4,5,7,4,7,2,7,5,4,2,7,7,4,2,7,6,6,2,2,2,2,6,4,7,3,4,5,7,6,7,6,6,2,4,2,3,3,7,6,2,4,6,2,4,6,6,1,2,3,6,7,6,4,7,4,6,2,4,6,7,4,6,4,3,1,2,2,3,2,2,4,3,3,2,3,3,2,2,4,6,4,2,6,4,6,6,6,7,7,4,7,2,6,6,2,1,2,2,1,4,1,1,2,6,3.25,4.5,3.583333333,4.083333333,5.25,2.5,2.55,4.571428571,2.333333333,3.4,5.208333333,5.666666667,2.333333333,5.166666667,4,0,2,0
103,0,0,1,23,1,11,2,4,3,7,6,4,7,6,4,4,6,2,6,2,4,6,5,3,7,7,5,2,2,5,5,1,5,3,5,5,1,4,2,7,6,7,7,4,1,5,5,2,2,5,2,6,6,4,7,7,6,5,4,1,3,1,1,2,1,6,3,1,1,5,6,1,7,7,1,2,4,7,4,1,3,7,2,2,3,4,5,2,6,5,4,6,5,5,4,3,6,5,2,6,4,7,5,3,5,2,6,3,5,7,6,4,6,1,6,2,1,7,6,2,1,1,3,4,5,5,5,7,6,7,5,7,1,1,3,1,1,3,7,7,6,1,7,3,7,1,3,1,1,5,6,7,5,7,6,7,1,5,5,1,1,4,7,3,1,4,1,5,1,1,1,1,1,6,7,1,1,3,7,1,1,3,1,1,7,1,7,2,7,5,7,5,7,4,7,4,7,5,1,1,6,5,2,4,6,6,4,2,5,6,3,3,3,3,7,6,4,7,6,3,6,2,4,7,5,7,7,3,1,1,1,3,2,4,2,3,4,2,4,1,3,5,7,7,5,7,7,5,7,5,7,5,7,7,2,7,7,1,1,1,1,1,1,1,1,1,5,4.333333333,5.166666667,4.083333333,5.666666667,5.333333333,2.55,3.3,5.571428571,3,4.4,6.375,5.777777778,1,3.111111111,14,10,2,0
104,1,1,1,52,29,NA,5,3,4,6,2,3,5,3,1,5,6,3,5,4,3,3,3,1,5,6,NA,1,6,3,3,4,5,3,2,4,5,3,2,5,4,1,3,1,3,6,1,6,1,3,1,1,4,3,6,4,1,4,5,1,2,1,4,3,2,4,1,1,6,6,1,6,3,5,1,1,5,6,3,3,1,4,1,4,1,2,5,1,5,4,5,4,5,1,4,2,4,2,5,2,3,6,6,3,2,1,5,6,7,5,4,3,4,5,1,1,1,1,1,1,1,2,4,3,NA,3,4,7,5,7,5,5,3,2,2,1,2,1,6,5,3,2,3,1,4,1,2,1,1,4,7,7,6,7,1,7,1,7,7,1,1,1,7,1,1,1,1,1,1,1,1,1,1,1,6,1,1,2,7,1,1,7,1,1,6,1,6,1,7,1,7,1,7,2,7,1,7,2,1,1,3,4,5,7,5,4,5,5,7,2,5,3,6,4,3,6,7,5,2,5,7,7,5,7,6,4,6,2,3,2,4,3,3,3,4,3,4,4,5,2,2,2,5,6,6,7,6,7,6,7,7,6,7,7,7,7,7,1,2,1,2,2,1,1,1,1,1,3.181818182,3.333333333,4.416666667,5.583333333,4.666666667,2.55,2.8,4.285714286,1.555555556,3.5,5.75,6.888888889,1.166666667,1.111111111,17,7,5,0
105,1,0,0,46,7,7,3,1,3,7,5,3,5,6,1,5,3,3,6,1,1,5,7,1,7,7,5,2,1,5,2,6,5,5,2,5,3,5,1,6,6,5,5,1,3,6,2,2,7,4,5,3,1,2,6,6,2,2,7,5,2,5,4,7,6,5,1,3,2,6,4,2,2,5,1,4,6,4,2,2,2,6,3,2,1,3,3,1,6,2,6,6,6,4,4,2,4,3,4,2,3,4,4,2,3,2,4,3,7,4,4,3,5,7,4,4,4,6,7,4,4,5,4,2,2,2,4,7,7,7,6,7,6,1,1,1,1,1,6,6,6,1,7,1,6,1,1,1,1,7,6,7,7,7,1,7,1,7,7,1,1,1,7,1,1,1,6,1,1,1,1,1,1,6,7,1,1,1,7,1,1,6,1,1,6,1,6,1,6,1,6,1,6,1,6,1,6,1,1,1,5,5,2,7,5,7,7,3,7,7,3,3,6,3,5,7,7,5,6,4,3,5,6,3,6,4,2,2,3,4,2,5,2,2,2,2,4,4,5,4,4,5,2,7,7,7,7,7,7,7,7,7,7,7,7,7,7,1,1,1,2,2,2,2,2,2,2,4.083333333,3.833333333,6.083333333,5.25,5.083333333,2.55,2.95,4.571428571,5,2.8,6.541666667,7,1.611111111,1.333333333,15,5,5,0
106,0,0,0,28,4,0,2,3,4,5,6,4,3,6,6,6,4,5,4,5,2,3,3,6,2,7,4,6,5,6,6,4,7,7,7,4,4,4,4,4,6,6,3,4,5,6,4,7,4,6,2,4,4,2,6,7,1,5,6,6,2,4,3,6,5,7,1,1,2,2,2,2,3,2,2,1,2,2,2,3,1,4,1,2,2,2,4,2,3,4,2,2,3,1,3,2,3,2,1,1,3,4,4,2,1,2,4,2,1,3,2,4,4,3,4,3,2,6,3,2,1,1,3,3,3,3,4,5,2,4,2,2,3,6,3,2,1,1,4,4,3,2,2,1,1,4,4,3,4,2,3,3,4,5,4,6,4,6,6,5,4,4,5,2,4,4,4,4,4,3,2,2,2,5,2,3,3,3,3,4,4,4,4,2,1,2,3,4,4,4,6,5,5,5,5,4,4,4,5,7,6,4,2,2,3,3,6,5,2,3,2,1,1,4,4,4,4,3,1,2,6,4,6,2,6,5,3,6,6,6,4,4,5,6,6,5,5,5,5,4,4,6,5,2,5,6,7,7,6,7,4,4,5,4,4,4,3,3,6,5,7,5,4,2,3,3,4,4.166666667,3.416666667,4.333333333,2.916666667,6.083333333,2.55,3.35,3.428571429,2.777777778,3.2,4,4.555555556,3.833333333,3.555555556,-4,-4,-2,1
107,1,1,0,55,20,4,7,4,4,7,1,5,5,4,2,6,3,4,4,1,6,1,7,1,2,3,1,5,2,1,4,2,2,2,4,2,1,3,5,4,7,4,4,1,1,7,7,2,1,5,5,2,5,6,6,5,3,6,1,1,4,5,3,1,1,7,2,1,2,5,1,1,1,1,1,5,1,5,2,1,1,1,1,4,6,1,6,1,5,1,4,6,4,6,6,1,1,1,2,2,1,3,2,3,4,5,6,4,1,4,2,4,1,1,1,1,1,1,5,1,1,1,3,4,2,1,2,7,2,7,1,2,1,7,6,1,7,6,4,7,4,1,4,NA,1,7,5,1,7,5,1,7,7,7,5,7,1,7,7,6,6,7,7,7,1,1,1,6,1,6,2,NA,1,7,2,2,2,6,7,1,2,2,1,1,1,2,7,1,5,5,2,6,6,6,6,6,5,1,2,1,1,4,4,6,4,7,2,7,7,6,7,6,4,6,7,3,7,7,6,3,3,6,2,7,4,5,7,3,7,3,7,2,3,4,2,4,2,7,7,5,6,4,7,1,2,7,1,2,7,NA,1,3,7,1,3,7,2,1,6,1,7,1,3,6,2,2,6,4.25,5,3.5,5.583333333,4.583333333,2.55,3.4,3.142857143,1.444444444,2.4,3.652173913,6,2.555555556,4.470588235,11,3,5,0
108,1,0,0,49,9,3,7,1,5,6,6,4,3,5,3,2,5,4,6,4,3,3,5,1,6,6,4,3,3,6,3,4,5,2,3,5,5,1,1,6,4,2,NA,1,1,6,5,5,5,5,4,2,5,2,6,4,3,3,6,1,4,2,3,7,1,5,2,4,2,6,2,3,1,4,2,3,5,4,1,5,1,4,1,3,1,2,5,1,3,2,4,5,4,1,4,4,2,2,4,3,4,4,4,2,2,2,4,4,5,4,3,1,4,3,1,1,1,1,3,1,2,1,2,2,2,1,4,4,3,2,4,1,4,3,5,6,4,3,4,2,3,6,4,6,1,6,2,5,2,2,4,2,NA,3,5,5,6,4,2,7,5,3,4,7,4,3,4,5,6,4,4,1,5,3,2,5,5,3,5,2,3,4,4,4,1,5,3,1,4,3,3,3,5,4,4,3,4,6,2,3,1,3,3,5,4,4,5,5,7,5,2,3,5,3,3,7,7,7,3,3,4,6,6,7,4,5,7,2,4,4,4,3,5,4,3,4,4,6,4,4,4,4,4,5,3,2,4,5,2,2,2,6,3,6,3,2,1,4,6,3,7,5,4,5,3,4,4,3.666666667,3.272727273,5.333333333,5.333333333,4.333333333,2.6,3.2,3.571428571,1.555555556,2.2,3.25,2.75,4.5,3.5,1,5,-3,1
109,1,0,0,27,2,0,5,4,5,6,5,2,6,6,3,5,5,3,5,5,1,5,3,1,5,6,3,6,6,5,6,2,3,6,6,5,3,2,2,5,5,5,3,1,5,6,3,3,3,6,3,5,5,3,6,5,3,5,5,3,3,1,5,2,5,5,4,1,1,6,4,2,4,5,1,3,5,6,4,3,2,6,1,3,2,3,2,3,6,2,5,5,4,2,5,6,5,4,3,3,4,5,5,5,4,4,4,4,5,5,5,2,4,2,1,1,5,1,3,1,1,2,4,4,4,2,4,6,5,5,4,5,3,4,2,2,2,3,5,5,4,3,5,3,4,3,2,3,2,4,4,5,5,6,2,5,2,5,4,2,3,3,6,3,5,3,5,3,5,3,5,3,3,3,5,3,3,3,5,2,6,6,2,5,5,3,5,6,5,6,6,6,5,3,5,3,6,5,2,5,3,3,2,5,5,3,7,3,7,2,3,5,2,3,5,6,7,3,5,2,5,3,5,5,5,3,3,2,3,2,2,6,2,3,3,4,3,3,4,3,3,4,5,4,6,6,6,5,5,5,5,6,5,6,6,6,6,2,3,3,3,3,3,2,3,3,2,3.166666667,4.333333333,4.416666667,4,5.25,2.6,3.5,4.142857143,1.888888889,3.6,5,5.333333333,3.444444444,3.5,6,4,-2,0
110,0,0,1,21,4,8,1,7,2,7,1,6,7,3,2,3,5,3,7,4,4,2,7,1,5,6,2,3,2,3,3,5,6,7,3,2,2,2,1,6,6,4,5,1,4,4,5,2,7,5,5,2,1,1,7,5,3,4,6,1,3,5,4,7,5,6,2,6,3,7,3,3,2,5,2,2,3,5,3,4,2,7,1,2,3,3,6,2,6,3,5,6,7,2,6,2,6,2,2,3,4,7,6,2,3,1,6,3,6,6,5,2,5,3,6,5,5,4,5,4,2,3,4,4,4,3,3,7,4,7,6,6,1,1,1,2,1,1,7,6,6,3,4,3,6,1,5,2,1,6,7,7,7,7,2,7,1,5,7,1,3,2,7,2,1,2,1,2,2,2,1,1,1,7,7,1,1,5,7,1,7,3,1,7,7,1,7,1,2,7,7,7,7,5,5,7,5,3,4,1,7,6,5,6,5,4,4,6,7,6,5,2,5,6,6,7,7,4,6,3,3,6,7,7,5,4,3,1,3,3,1,2,2,3,2,1,2,2,4,1,2,5,7,7,7,6,7,7,5,5,7,3,6,7,6,7,7,1,1,1,1,1,6,1,1,3,5,5,4.416666667,6.583333333,5.166666667,4.333333333,2.6,2.15,5,4.111111111,3.6,6.083333333,6.666666667,1.888888889,3.611111111,7,3,5,0
111,0,1,0,38,7,2,5,2,4,6,7,2,6,7,2,7,6,1,7,1,4,5,3,3,5,7,6,7,5,2,6,2,6,1,2,1,2,2,2,5,6,2,6,4,1,6,2,5,2,4,5,3,7,2,6,6,1,3,5,3,1,1,6,5,2,7,2,2,4,5,2,4,2,5,1,5,4,6,2,2,2,5,1,3,2,4,4,4,5,5,4,5,5,2,4,5,5,4,4,5,4,5,5,4,2,5,4,5,5,3,3,3,3,5,2,2,6,1,5,1,1,1,4,4,4,3,5,6,4,5,6,6,3,4,4,4,4,2,5,6,2,2,4,5,3,5,6,3,4,4,3,6,6,6,4,5,4,6,5,2,5,1,5,2,2,2,2,2,2,4,2,2,2,1,5,2,2,2,5,5,2,1,1,5,5,5,5,2,5,6,6,6,6,5,6,5,6,3,3,3,3,4,1,6,7,7,4,3,5,3,6,2,6,7,6,6,4,7,3,4,3,5,6,5,7,2,6,3,3,2,3,4,3,4,3,3,4,3,4,3,3,3,5,4,4,4,4,6,6,3,3,2,5,4,4,4,6,3,3,3,3,3,3,2,2,2,7,3.25,4.166666667,4.083333333,5.75,6.083333333,2.65,3.7,3.428571429,2.666666667,4,4.333333333,5.333333333,2.444444444,3.555555556,9,3,3,1
112,0,1,1,22,2,0,5,3,3,6,5,3,5,6,2,1,6,4,5,3,5,3,5,1,7,6,5,5,7,5,3,2,5,5,2,5,3,2,1,5,5,5,5,1,3,4,5,2,2,3,6,2,3,7,6,5,5,2,6,2,5,3,2,2,2,5,1,2,2,5,5,3,4,5,1,2,4,5,2,3,1,5,3,2,2,4,4,2,4,5,3,5,4,1,4,4,4,4,2,4,4,5,5,2,2,2,4,5,5,4,3,1,4,2,1,1,2,1,2,1,1,3,4,4,2,4,4,5,5,4,5,3,2,2,1,1,1,1,5,4,4,5,4,5,5,3,1,2,1,2,4,5,5,5,5,6,2,5,5,3,2,2,7,3,1,3,2,2,2,2,2,3,1,2,5,2,4,5,4,5,2,6,2,5,5,4,5,4,5,5,6,5,5,5,5,1,6,2,3,1,3,5,2,6,4,5,3,5,7,1,3,3,6,3,5,7,7,5,6,5,2,6,1,6,3,6,6,3,3,3,3,4,4,5,3,4,4,4,4,3,3,3,6,6,7,7,7,7,3,3,5,7,6,7,3,6,5,1,3,4,3,3,3,2,3,3,2,4.416666667,4.083333333,4.166666667,5.5,3.75,2.65,3.3,3.428571429,1.555555556,3.6,5.041666667,5,2.388888889,3.333333333,12,4,6,0
113,0,0,1,29,2,0,3,3,1,6,5,5,5,5,1,6,6,6,7,4,3,1,3,2,7,6,3,3,1,4,5,7,5,2,1,6,3,2,1,4,4,1,3,5,2,3,6,6,7,6,6,1,4,1,6,5,2,3,6,2,5,2,4,5,1,4,2,5,2,5,3,4,2,4,2,1,3,4,1,1,1,4,4,3,2,3,5,1,6,2,5,4,3,2,3,2,3,1,2,4,3,4,4,1,2,1,3,3,4,4,3,1,3,6,1,1,1,1,6,1,1,7,4,3,2,1,4,5,5,4,5,2,4,2,3,2,4,1,5,3,3,5,7,2,1,1,1,2,1,3,5,7,4,6,4,6,2,3,5,2,2,1,7,4,2,1,2,1,2,1,4,1,3,1,6,1,2,3,3,2,5,7,3,5,5,3,5,3,6,2,7,6,5,1,6,1,6,4,1,1,5,7,3,7,2,4,5,7,6,7,4,3,7,2,5,7,3,6,2,2,2,7,7,6,3,4,7,3,4,4,4,3,2,3,4,5,5,5,5,4,4,5,4,6,5,6,4,7,3,6,7,7,6,7,4,6,6,1,2,5,3,3,2,1,3,2,1,4.666666667,3.083333333,5.583333333,5.5,4.166666667,2.7,2.9,3.285714286,2.777777778,2.8,4.833333333,5.222222222,2.611111111,2.111111111,12,8,2,0
114,0,1,0,22,4,8,6,4,4,6,4,5,6,5,5,2,5,7,6,4,3,4,4,2,4,5,3,3,7,6,3,5,5,3,2,6,5,2,5,6,5,3,6,1,5,5,4,2,3,6,5,6,4,2,6,5,4,5,7,4,3,5,4,6,5,5,1,1,1,4,2,3,4,4,3,2,5,2,2,1,4,4,4,1,1,1,6,2,4,3,5,5,5,6,3,2,3,1,6,3,2,4,1,2,1,3,4,2,6,1,2,2,3,1,1,1,1,3,1,1,1,1,4,4,4,5,4,7,6,6,3,4,4,2,1,1,1,1,6,6,4,2,2,2,5,1,4,1,1,4,6,7,7,7,4,7,3,7,7,5,5,1,7,3,1,1,1,1,1,1,1,1,1,2,6,4,1,1,7,5,4,7,1,4,6,2,6,1,6,3,7,3,5,7,7,2,6,7,2,1,2,4,3,3,1,4,5,4,6,1,2,3,6,2,3,3,7,3,6,2,3,2,6,4,5,4,3,4,4,6,4,2,4,3,3,3,5,5,6,4,7,6,4,6,7,7,7,7,6,6,7,4,7,7,4,5,3,1,2,1,2,2,2,1,3,1,1,3.75,4,4.583333333,4.083333333,4.083333333,2.7,3.55,3.428571429,1.222222222,4.2,5.583333333,6,1.722222222,2.388888889,8,10,0,1
115,1,1,0,54,3,10,1,1,1,1,6,4,5,4,7,7,6,7,7,5,1,3,6,1,7,7,5,5,2,6,4,7,6,7,7,6,1,1,1,1,4,7,2,1,4,7,7,7,7,5,3,1,3,1,6,4,5,1,6,7,2,7,7,6,2,7,1,1,1,7,2,1,1,1,4,3,5,4,1,2,5,4,1,5,5,1,2,1,4,3,4,2,5,7,2,6,5,5,5,4,4,1,5,2,1,1,2,2,2,2,2,1,1,1,1,1,1,1,7,1,1,7,1,1,1,1,5,7,4,7,4,4,6,2,4,2,2,1,7,5,2,1,7,1,NA,2,4,2,2,5,6,6,6,7,2,7,1,6,6,1,2,4,7,5,4,4,2,5,5,4,1,4,2,5,7,4,1,2,6,1,2,5,1,2,6,2,6,4,6,6,7,4,7,5,7,1,6,1,1,1,7,7,4,1,1,3,7,5,7,6,2,2,1,2,7,7,7,4,1,3,5,7,7,1,6,1,6,1,7,4,4,6,4,4,6,3,6,3,4,7,3,6,2,6,4,6,6,7,7,7,6,4,6,6,6,7,7,1,1,2,2,2,2,1,1,1,3,6.166666667,2.416666667,6.5,3,5.5,2.75,4.05,2.285714286,2.333333333,1.8,5.434782609,6.444444444,1.833333333,3.611111111,15,5,5,0
116,1,0,1,37,15,11,3,4,4,7,4,6,5,6,5,6,6,3,5,1,4,4,5,2,7,6,2,5,2,5,5,5,4,2,3,2,2,2,3,5,5,5,4,2,1,6,6,6,5,5,5,2,6,3,6,5,3,2,5,2,5,4,4,5,5,5,4,1,1,4,3,1,3,4,1,1,4,3,4,2,2,3,3,3,3,1,3,1,2,4,3,4,4,1,4,3,2,5,5,2,3,4,3,3,4,2,4,3,3,3,3,1,2,2,6,1,1,6,4,1,1,7,2,2,2,1,4,4,6,4,3,3,4,3,6,5,5,3,3,2,4,5,5,5,2,4,3,3,4,1,4,5,5,5,3,5,5,5,5,5,6,5,4,4,6,5,6,4,5,4,6,2,5,5,3,4,5,5,4,3,5,3,5,3,3,4,4,4,5,4,5,3,5,6,5,3,5,6,3,7,5,4,2,3,5,7,4,4,6,6,3,4,5,6,6,5,6,7,2,3,3,6,5,6,3,4,3,4,4,5,5,5,6,5,4,4,4,6,5,4,5,5,4,5,2,3,3,5,3,3,4,5,5,4,5,3,3,4,5,4,5,4,3,3,3,3,5,4.833333333,4,4.666666667,5.166666667,4.833333333,2.75,3.9,3,3.222222222,2.2,3.625,4.555555556,4.611111111,4.055555556,-1,1,-5,0
117,1,0,1,26,4,1,5,7,4,6,6,3,5,5,2,5,2,2,4,1,2,2,5,5,6,6,3,4,6,4,6,6,2,3,5,2,2,4,5,5,5,3,5,4,3,5,5,2,2,4,4,2,3,3,5,6,6,5,5,5,5,4,3,4,5,5,3,5,4,6,2,3,6,5,2,2,3,6,2,2,3,6,2,3,2,3,6,1,6,2,6,4,6,2,5,2,6,3,3,2,6,6,6,2,3,2,5,2,6,6,6,6,6,4,5,4,2,1,6,3,3,6,4,4,4,3,4,7,7,7,7,6,7,2,2,1,1,2,7,7,2,2,5,1,4,2,NA,1,1,7,6,7,7,7,2,4,1,6,7,2,1,1,7,2,1,2,2,2,2,2,2,2,2,2,7,3,4,4,6,5,3,6,1,6,7,2,7,4,6,6,6,5,6,4,7,5,7,2,4,1,3,4,3,6,6,7,6,6,3,2,4,6,3,6,6,3,4,5,6,4,4,6,5,3,3,5,3,2,3,2,2,2,2,2,4,2,3,2,2,2,2,6,1,6,6,7,7,6,6,7,6,NA,7,7,6,7,6,1,1,2,1,1,2,2,2,1,2,4.416666667,5.083333333,3.5,4.75,5.25,2.8,2.25,5.857142857,3.777777778,3.8,6,6.333333333,1.722222222,3.277777778,14,4,8,0
118,0,1,0,28,2,10,1,5,7,7,4,2,4,6,4,4,4,4,5,1,5,2,6,3,4,6,4,7,4,1,6,2,1,6,3,5,2,3,4,6,6,2,5,1,5,6,6,4,1,2,2,2,6,4,6,6,2,7,6,2,4,1,4,2,4,6,4,1,2,4,4,4,4,6,1,2,5,6,4,1,3,5,1,4,2,4,6,2,4,4,3,6,3,4,4,4,5,4,4,5,5,6,5,4,4,4,6,2,2,4,5,2,4,4,1,1,1,1,3,1,1,1,4,3,4,2,5,6,7,6,4,5,1,1,1,2,2,1,5,5,3,2,6,1,1,1,1,2,2,5,5,7,7,7,1,7,2,7,6,2,1,1,7,2,1,1,1,1,1,1,1,1,1,1,6,1,1,1,5,1,1,6,1,1,6,1,5,7,7,1,7,1,7,5,6,1,7,2,1,1,7,1,2,4,4,7,3,6,5,4,7,7,5,3,6,4,7,3,4,6,6,6,4,6,4,4,4,4,2,2,3,2,4,5,2,5,4,3,3,2,3,6,7,7,7,6,6,7,6,7,7,7,6,6,7,6,6,1,2,3,2,3,1,1,1,2,2,4,5.166666667,3.916666667,5.416666667,5,2.85,3.6,4.142857143,1.555555556,3.6,5.708333333,6.666666667,1.388888889,1.666666667,17,7,5,0
119,1,1,0,46,2,2,4,1,4,7,3,4,6,7,1,6,5,1,5,1,3,3,5,1,5,6,4,2,6,5,4,4,2,5,6,1,3,5,5,6,6,4,6,4,1,7,4,5,4,6,2,3,5,2,6,6,2,4,5,1,3,4,4,4,1,5,4,2,2,6,4,4,2,3,2,4,6,5,2,4,1,6,1,5,1,2,5,3,6,5,6,4,5,4,5,4,5,5,3,5,5,5,5,2,5,2,6,1,5,5,6,4,5,1,5,5,4,3,6,1,1,6,4,3,4,4,2,6,4,6,4,4,6,3,5,4,4,2,6,6,2,4,6,3,1,1,2,3,2,6,5,6,6,6,4,3,4,6,5,4,4,5,5,4,4,2,2,3,2,2,2,4,2,NA,5,4,3,2,5,2,3,1,2,1,5,5,5,2,4,6,5,5,6,2,6,2,6,5,2,2,4,4,1,7,7,7,5,5,7,2,3,6,2,7,5,3,4,7,3,2,6,5,6,7,5,4,7,2,5,3,2,3,2,2,4,3,3,3,3,3,3,7,2,5,3,4,4,6,4,5,7,6,5,6,4,4,4,3,3,3,3,3,4,3,2,2,7,4.166666667,4.5,4.166666667,5.5,5.5,2.9,3.35,5.428571429,3.555555556,3.4,4.708333333,4.888888889,2.777777778,3.411764706,9,7,1,0
120,1,0,0,34,4,3,3,1,2,6,4,7,7,7,2,3,5,2,7,1,4,1,1,1,7,6,1,4,5,3,2,7,4,7,2,7,1,2,4,5,3,3,3,1,2,5,5,4,4,5,5,4,4,1,6,4,5,6,7,4,5,7,5,7,3,7,1,1,2,4,5,2,3,4,4,4,2,5,1,2,3,4,2,3,4,5,5,4,5,4,3,4,5,2,4,3,4,4,3,2,4,6,4,5,2,1,5,3,5,5,6,4,4,1,1,1,3,1,2,1,1,1,1,1,1,1,1,7,7,6,6,6,2,1,1,1,1,1,7,6,7,1,7,1,6,1,1,1,1,7,7,7,7,7,1,7,1,6,7,1,3,2,7,3,1,1,1,1,1,1,1,1,1,2,6,1,2,2,7,1,3,6,1,2,7,1,5,2,5,4,6,3,7,5,5,1,7,4,1,1,5,6,1,6,6,7,4,7,7,3,5,4,6,1,7,4,7,6,4,3,3,4,7,4,3,3,5,4,4,3,4,3,3,5,4,3,4,4,4,2,4,5,6,7,7,7,7,7,7,7,7,7,7,7,7,7,7,1,2,1,1,3,3,2,1,3,2,5.25,3.75,5.583333333,5.5,3.75,2.95,3.3,4.857142857,1.333333333,1,6.75,6.888888889,1.722222222,1.944444444,15,9,3,0
121,1,1,0,22,0,6,6,6,4,6,5,5,7,6,3,5,4,1,3,5,4,3,5,1,6,7,2,3,7,6,6,3,NA,2,6,5,4,5,2,5,7,4,5,2,3,5,4,2,3,6,6,3,6,2,2,7,4,5,5,2,2,6,7,5,2,6,2,1,4,6,3,3,4,6,3,2,4,4,4,2,6,4,5,1,1,2,NA,2,3,4,4,3,5,5,2,5,4,3,5,3,2,4,1,3,3,4,5,3,7,5,6,2,3,2,2,2,1,2,1,1,2,2,3,4,4,2,4,6,5,7,3,3,4,2,5,5,4,3,6,3,2,5,3,3,3,5,5,2,6,2,2,5,6,6,2,6,5,6,6,6,6,5,6,3,3,3,2,1,6,5,2,5,2,5,4,2,6,5,6,5,7,7,1,5,2,5,2,3,5,7,6,5,4,6,3,7,2,6,5,1,2,4,2,5,7,3,4,5,7,1,2,NA,2,3,4,6,6,5,6,2,2,5,6,6,6,1,6,2,2,4,4,NA,5,4,5,3,6,4,6,4,7,5,4,6,3,3,4,5,3,5,3,3,6,2,6,3,2,2,4,2,6,6,3,2,4,5,1,4,5.090909091,4.166666667,4.166666667,5.25,2.95,4.263157895,4.714285714,1.666666667,3.4,3.833333333,5.111111111,3.833333333,4.333333333,-6,2,0,0
122,1,1,0,58,35,2,1,2,2,7,3,5,5,5,2,4,5,5,4,4,3,5,3,3,5,5,3,3,5,3,4,4,5,5,3,5,2,1,5,4,4,2,3,2,4,5,4,5,3,3,4,4,5,5,6,5,3,3,5,2,3,2,6,4,3,3,4,1,3,3,5,3,2,3,3,3,3,3,2,2,1,3,1,3,1,4,5,2,3,3,3,2,4,3,4,3,4,4,2,4,4,4,4,4,4,2,3,5,3,4,2,1,3,1,1,1,4,1,4,1,1,1,3,3,3,2,4,4,4,2,2,1,4,2,4,4,4,4,2,2,1,5,4,4,3,2,3,4,1,1,2,4,4,5,5,4,5,4,3,5,5,5,4,5,4,4,3,3,4,3,4,1,2,2,4,1,4,3,3,1,4,5,5,3,3,3,4,3,4,3,4,4,5,5,4,3,4,5,3,3,7,6,3,6,3,4,5,3,5,3,5,3,5,3,6,3,6,4,3,5,4,4,3,6,5,2,5,5,5,5,5,3,5,5,6,4,4,4,4,4,4,3,4,6,4,4,4,4,3,4,6,5,4,7,3,3,3,4,4,5,5,4,4,4,3,4,3,4,3,4.166666667,5.166666667,4.166666667,3.05,3.7,2.714285714,1.666666667,3,3.458333333,3.666666667,4,3.055555556,1,3,-1,0
123,0,1,0,28,1,1,3,4,4,4,4,3,4,4,1,4,4,4,4,3,4,3,4,3,4,4,3,4,4,3,4,4,3,4,4,4,3,4,4,3,4,4,4,4,3,4,4,3,4,4,4,3,3,4,4,3,3,3,3,4,3,4,4,4,4,4,4,2,2,4,4,3,4,4,3,2,4,4,4,2,2,4,2,2,4,2,3,3,4,4,4,3,3,2,2,2,4,2,2,2,4,4,4,2,2,2,4,2,4,4,4,4,2,1,1,1,1,4,1,3,1,1,3,3,2,2,2,5,7,5,6,4,5,6,5,5,5,3,7,6,6,6,7,5,5,4,4,1,1,2,5,5,5,5,5,5,1,5,5,5,3,4,5,4,3,3,3,4,3,4,3,4,3,4,5,4,3,4,4,4,5,4,3,4,5,3,5,4,5,4,5,4,4,4,4,4,5,3,3,3,5,4,4,7,4,5,4,5,5,4,5,5,4,4,5,4,4,5,5,4,4,5,4,4,5,4,4,4,4,4,4,5,4,4,5,5,6,4,4,4,4,6,3,2,3,3,3,5,2,3,4,4,7,7,3,7,3,3,3,4,3,3,3,3,4,4,4,4.083333333,4,4,4.416666667,4,3.1,3.4,4,1.555555556,2.4,4.625,4.777777778,3.277777778,3.888888889,6,2,2,0
124,0,0,1,47,2,2,1,5,3,7,4,1,6,3,1,7,1,4,7,1,5,7,6,1,3,6,2,5,2,5,5,1,5,6,4,1,3,2,1,6,7,1,6,2,1,7,3,4,7,4,5,3,5,2,7,7,3,3,6,NA,2,1,1,6,3,5,2,2,4,5,7,2,6,5,1,2,7,4,4,3,1,5,2,2,1,3,3,3,6,3,4,5,4,4,1,3,5,6,5,7,2,2,1,1,1,1,3,4,7,3,4,1,3,2,3,1,1,1,7,4,3,4,4,2,2,4,4,7,6,7,6,7,1,1,3,5,3,1,5,5,5,2,7,1,1,1,5,1,1,5,4,7,6,7,1,6,5,6,5,4,5,6,6,4,5,4,1,3,1,1,2,3,2,1,7,3,4,6,5,1,3,2,1,1,5,1,6,1,6,3,7,2,7,1,6,2,7,2,2,1,7,5,5,7,4,7,3,1,7,6,3,3,4,7,5,7,6,7,4,4,3,5,6,NA,6,7,5,3,3,4,3,5,2,4,3,4,7,3,6,6,7,4,7,7,5,3,5,7,6,7,7,3,7,7,7,3,4,2,1,3,3,2,2,1,1,2,6,2.583333333,4.666666667,6.166666667,5.454545455,5.583333333,3.1,4.05,3.571428571,2.888888889,3.2,5.666666667,5.666666667,2.277777778,2.722222222,16,6,6,1
125,1,0,1,26,2,10,4,6,1,6,6,2,6,6,5,5,5,2,2,2,2,2,6,2,5,6,5,6,5,5,5,5,5,6,2,1,5,5,5,6,6,1,6,5,1,6,5,1,5,2,5,2,5,1,6,6,2,5,6,2,1,1,5,5,5,6,4,1,4,2,4,5,4,6,2,3,4,5,2,3,1,3,4,2,1,3,3,3,4,4,4,5,5,3,3,5,4,4,3,3,3,4,4,3,3,2,4,4,6,5,6,3,5,2,1,1,1,1,1,1,1,1,3,4,4,3,4,6,6,7,5,5,6,2,6,1,4,4,6,6,6,2,6,1,3,2,NA,1,1,5,6,7,6,6,4,6,1,6,6,2,2,2,6,7,1,2,1,4,1,6,2,2,2,6,7,2,2,4,6,4,2,2,2,6,5,2,6,6,5,5,6,5,6,6,6,4,5,1,5,1,4,7,2,3,6,6,6,6,6,3,3,3,6,7,3,3,3,7,7,6,3,6,7,6,7,3,3,6,2,3,5,5,4,4,3,3,5,4,5,4,4,4,2,6,2,7,4,4,6,7,6,NA,7,7,4,7,6,2,1,2,3,2,3,2,2,2,6,3.75,5.333333333,4.583333333,5.25,5.75,3.15,3.7,4.714285714,1.111111111,3.6,5.434782609,6,1.888888889,4.388888889,8,0,8,0
126,0,0,1,21,5,3,3,4,2,6,3,1,5,5,2,3,6,2,7,2,4,2,5,1,3,6,5,4,2,3,3,3,2,4,2,3,2,2,2,6,6,3,4,2,1,7,2,2,6,6,2,4,6,1,6,4,3,1,6,5,5,2,4,5,6,6,5,3,4,5,3,3,4,3,2,3,3,5,3,2,2,4,4,3,1,3,4,2,5,4,6,5,3,3,3,3,4,4,4,5,2,4,4,4,3,3,3,3,3,3,2,3,3,6,5,3,5,5,4,4,5,2,4,3,2,NA,4,7,3,5,6,7,5,2,1,1,5,1,7,7,2,2,4,1,NA,2,1,1,1,7,7,7,7,7,2,6,1,3,7,1,1,1,7,2,1,1,1,2,1,1,2,1,1,1,7,1,1,3,6,5,6,6,1,1,7,2,7,NA,7,5,7,6,6,NA,7,2,6,5,2,1,5,6,3,6,6,6,4,6,7,6,5,6,6,5,6,6,6,7,6,2,6,4,7,3,3,4,2,3,5,3,4,4,3,2,3,5,5,4,6,4,4,5,3,6,7,7,3,7,6,7,6,7,7,7,6,7,7,1,1,2,1,1,1,1,2,1,2,3.833333333,4.416666667,5.75,4.833333333,4.666666667,3.15,3.75,3.142857143,4.333333333,3.25,5.869565217,6.333333333,1.444444444,2.25,10,8,2,1
127,1,0,0,18,1,0,2,5,3,1,2,5,5,6,6,4,5,4,3,5,4,1,5,5,4,6,2,4,3,4,3,3,5,4,5,4,3,3,2,2,4,3,4,3,5,6,4,3,3,4,4,2,2,6,3,4,3,3,5,5,5,4,1,2,3,6,4,6,3,5,6,1,6,5,4,4,5,4,6,1,3,5,1,1,1,2,2,1,3,4,5,5,6,3,4,5,4,5,3,1,7,2,6,1,1,3,5,6,7,6,4,6,3,3,4,2,4,4,4,3,3,4,1,2,2,3,5,6,4,6,6,NA,7,5,5,NA,4,4,3,6,3,6,6,7,4,6,5,6,6,6,7,4,5,6,5,4,NA,6,5,6,5,3,6,5,3,3,4,5,4,5,5,7,7,5,4,6,NA,NA,6,6,4,5,5,5,6,7,6,5,4,6,5,5,6,4,6,5,6,1,2,4,6,5,2,2,4,3,4,7,3,5,4,3,3,4,5,6,5,3,5,4,4,6,2,3,3,7,5,3,3,4,3,6,5,3,3,2,4,4,1,6,2,2,1,3,3,NA,4,4,2,1,2,3,2,2,3,NA,2,2,4,2,2,2,4,3,2,2,3,4.416666667,4.166666667,3.75,3.083333333,4.166666667,3.35,3.15,4.714285714,3.444444444,2.6,3.818181818,4.375,3.529411765,5,11,1,3,0
128,0,0,0,30,4,3,6,6,3,6,3,2,6,4,2,2,4,2,5,3,6,5,4,1,6,3,1,6,6,3,2,3,2,6,5,6,6,3,3,6,3,5,5,2,2,3,5,5,2,3,5,5,3,2,5,2,4,3,6,5,6,3,5,5,4,2,3,3,4,4,5,4,5,3,2,1,2,4,5,4,1,4,1,2,3,6,5,1,5,3,3,4,2,2,4,2,3,4,3,2,5,4,5,1,4,1,3,2,3,3,2,2,2,1,2,3,2,2,3,3,1,1,2,4,2,4,4,5,6,4,4,4,2,2,3,2,2,4,4,3,6,5,4,5,3,5,4,2,5,3,4,3,3,5,3,5,3,2,5,6,5,2,5,3,2,2,2,2,4,2,4,2,2,4,3,2,3,5,5,2,2,6,5,5,3,2,3,5,5,6,6,5,5,6,5,5,6,5,3,2,2,5,4,6,6,5,2,3,7,2,5,6,3,2,2,5,6,6,3,5,3,3,6,3,2,3,4,4,5,4,4,3,3,5,4,6,4,5,3,4,3,6,6,6,5,6,6,4,3,3,3,4,6,3,5,5,2,3,5,3,5,5,3,2,3,3,2,3.083333333,4.5,4.916666667,5,2.416666667,3.4,3.15,3,2,3.2,4.375,3.888888889,3.388888889,3.444444444,8,6,2,1
129,0,1,1,26,4,1,2,2,3,5,6,2,7,3,2,4,5,4,2,4,2,3,6,1,2,3,3,3,2,3,5,2,4,5,3,4,3,1,1,5,5,3,3,2,5,5,5,5,4,5,3,3,1,5,5,4,2,2,5,5,1,1,6,3,4,4,4,4,4,6,5,5,5,5,2,4,2,3,2,4,2,5,2,4,2,5,3,5,5,5,5,5,4,4,4,3,3,5,4,2,2,4,4,3,4,4,4,5,4,4,3,3,2,2,2,4,2,1,4,2,1,1,4,3,3,4,4,6,6,6,6,5,6,1,4,5,1,1,7,5,3,3,2,3,6,4,1,4,1,5,6,7,7,7,2,7,2,7,7,1,2,3,6,4,2,4,2,3,2,5,2,2,2,3,6,5,2,5,5,6,2,4,2,5,5,5,6,2,6,6,6,6,6,3,6,4,5,2,5,1,6,5,5,6,4,4,6,5,7,6,5,4,5,4,5,7,6,3,3,3,5,5,3,3,7,2,4,2,3,5,3,5,3,3,3,4,4,5,6,4,4,3,2,7,4,3,7,7,5,5,4,7,4,7,6,6,7,2,2,3,3,2,2,2,2,2,4,3.666666667,3.166666667,4.833333333,4.166666667,4.833333333,3.45,4,3.285714286,2.111111111,3.6,5.208333333,6.777777778,2.111111111,4.166666667,7,1,7,0
130,1,1,1,46,7,7,1,1,2,7,2,5,6,5,1,7,7,5,7,2,5,4,4,1,7,7,2,1,1,6,4,7,7,3,6,1,2,1,4,4,7,6,3,1,1,7,6,6,7,3,3,1,1,2,6,5,1,3,7,1,1,6,6,5,1,5,2,4,4,6,2,3,4,5,3,4,6,4,1,1,5,4,5,4,4,4,2,3,3,6,4,2,4,2,4,4,2,6,3,4,2,4,4,3,2,2,3,6,6,3,4,1,4,5,5,5,1,6,7,1,1,1,2,2,2,1,1,7,3,6,7,7,6,1,1,1,1,1,6,7,3,2,7,1,7,1,5,3,2,7,6,7,7,7,1,7,1,5,7,1,2,3,6,4,1,1,1,4,1,1,1,1,1,5,7,1,1,6,6,1,1,2,1,1,7,1,7,1,6,5,7,5,7,5,7,5,6,1,1,1,7,6,3,7,3,6,3,4,7,7,2,1,2,7,6,4,7,7,2,5,5,7,6,7,7,2,7,2,3,4,4,6,5,4,6,4,4,6,6,4,4,2,2,7,7,7,7,7,6,7,7,3,5,6,7,7,7,2,1,2,1,1,2,1,1,1,6,5.333333333,2.333333333,5.75,5.583333333,5.5,3.45,4.2,3.285714286,3.555555556,1.6,6,6.777777778,1.222222222,3.111111111,15,5,5,1
131,0,1,1,NA,1,10,7,1,4,7,5,1,6,4,1,1,4,1,6,5,6,7,5,7,7,4,1,7,1,4,3,1,3,7,5,6,7,1,1,7,4,1,6,4,3,3,5,1,5,5,5,6,1,1,7,3,4,5,4,3,7,4,5,1,1,5,4,7,4,6,5,3,6,7,1,1,4,2,6,3,1,4,1,3,1,6,4,1,5,1,3,3,2,1,2,1,3,1,1,7,4,1,1,1,6,1,1,7,4,1,2,1,1,1,1,7,5,1,2,1,3,3,5,4,4,3,5,7,6,7,6,6,1,2,1,1,1,1,7,7,4,1,7,1,3,1,1,1,1,7,7,7,1,7,1,7,1,7,7,1,1,5,7,1,1,1,1,1,1,1,1,1,1,1,7,1,1,4,7,1,1,1,1,1,7,1,7,1,7,1,7,1,7,4,7,4,7,1,1,1,1,4,4,7,7,3,2,1,1,7,4,5,3,2,1,7,4,5,7,3,3,2,7,5,1,3,7,2,1,6,4,4,3,5,5,6,6,5,4,7,7,1,7,6,7,7,7,7,7,7,7,7,7,7,7,7,7,1,1,1,1,1,1,1,1,1,7,2.166666667,4.5,4.75,5.416666667,3,3.45,3.65,1.571428571,2.666666667,4.2,6.541666667,6.333333333,1,2.055555556,18,6,6,0
132,1,0,0,50,29,NA,1,1,7,7,4,6,5,6,4,1,4,5,5,6,1,2,2,1,7,7,3,2,7,6,6,7,5,6,6,6,4,2,5,4,7,4,1,1,4,6,5,7,1,5,5,1,3,1,7,6,1,2,7,5,3,1,6,7,2,7,2,1,3,4,5,1,2,3,6,7,7,2,1,1,1,2,2,6,1,3,4,1,3,7,3,2,6,6,2,6,1,7,7,7,2,4,3,6,2,1,3,6,4,3,2,1,2,5,3,7,1,3,7,7,1,1,1,1,1,1,1,7,7,7,5,6,5,1,1,1,1,1,6,7,6,2,5,1,7,1,2,1,1,7,7,7,7,7,1,7,1,6,7,1,6,1,7,2,1,1,1,1,1,4,1,1,1,1,6,1,1,1,6,1,1,7,1,1,7,1,7,4,7,1,7,1,7,4,7,1,7,1,1,1,7,1,2,4,3,2,7,6,7,1,2,3,2,2,4,3,7,4,1,3,3,7,7,3,5,2,6,4,5,6,6,4,5,5,6,2,6,7,6,4,5,2,3,7,7,7,7,7,6,7,7,6,7,7,7,7,7,1,2,2,1,1,1,1,1,1,1,4.583333333,2.25,4.5,4.25,5.083333333,3.5,5,2.428571429,3.888888889,1,6.458333333,6.888888889,1.388888889,1.555555556,18,6,6,1
133,0,1,0,42,14,7,1,3,4,6,7,4,3,5,3,5,2,2,6,2,3,3,6,2,2,7,2,5,2,5,5,2,5,7,3,2,2,5,2,5,7,5,3,1,3,6,2,6,7,3,2,2,5,5,7,6,4,5,6,3,1,3,3,5,2,6,4,1,4,5,5,3,3,5,4,2,4,5,5,4,5,6,1,4,5,5,5,1,3,6,5,5,5,2,5,3,5,5,2,5,3,4,5,2,5,2,6,5,5,5,4,2,5,1,2,4,2,4,2,2,2,6,4,3,4,2,4,4,6,3,2,6,2,2,4,4,4,2,5,3,3,4,2,2,2,4,4,1,1,4,4,5,6,7,1,7,4,7,6,6,3,1,7,1,1,1,2,2,1,2,2,2,1,1,6,6,2,2,2,1,1,6,2,1,2,2,6,1,4,6,6,6,7,3,6,4,6,3,4,1,7,4,3,5,6,6,5,5,6,6,3,3,5,6,6,6,7,5,2,5,6,6,3,5,7,5,6,3,3,3,2,3,5,3,3,3,3,3,5,4,3,3,6,6,4,4,4,6,4,6,4,4,7,7,7,4,2,1,2,6,6,2,4,2,1,2,2,4,4.25,5.5,5,6.083333333,3.5,3.4,4.285714286,2.777777778,3.4,4.416666667,5.666666667,2.277777778,2.444444444,10,4,6,1
134,1,1,1,32,2,4,3,2,2,6,5,1,7,7,6,5,5,3,5,1,1,3,5,1,6,6,3,5,2,5,5,3,5,6,6,1,7,5,5,5,3,6,5,1,1,5,6,1,5,5,1,5,5,5,5,5,3,5,6,2,1,6,3,2,1,5,4,3,4,6,6,6,5,6,2,1,5,6,1,3,1,5,7,5,5,4,5,2,5,4,6,7,6,4,3,3,4,3,3,2,3,5,5,2,2,6,5,4,5,6,4,3,5,2,5,1,5,5,3,1,1,1,3,3,4,3,4,7,5,6,6,7,5,3,1,3,3,1,7,7,4,1,7,2,1,1,2,1,1,6,6,7,7,7,1,6,1,7,1,1,3,1,7,1,1,1,1,5,1,3,1,2,1,1,6,1,1,2,5,2,2,6,1,2,7,1,7,1,1,1,6,1,6,3,6,3,5,7,2,1,5,6,1,2,5,7,7,5,7,6,3,3,2,7,1,3,7,7,7,3,7,3,3,6,7,5,7,2,2,2,3,3,3,2,1,2,5,4,5,3,3,4,3,5,7,5,5,7,7,6,7,6,7,7,7,7,7,1,2,3,1,1,7,2,2,2,2,3.916666667,4.916666667,4.75,4.916666667,5.583333333,3.55,3.1,4.571428571,2.666666667,3.4,5.875,6.222222222,1.833333333,1.833333333,5,9,-1,0
135,0,1,0,29,1,5,5,4,4,4,4,5,4,4,4,3,5,4,6,2,1,2,4,1,4,4,5,4,2,6,4,5,5,5,5,4,4,4,2,4,4,4,2,1,4,4,3,4,5,5,4,4,4,1,5,5,4,4,6,6,4,5,5,6,4,4,1,3,4,4,6,4,2,3,3,4,5,4,4,4,2,4,3,4,2,4,2,3,4,6,4,4,4,5,4,4,4,5,5,4,4,4,3,4,3,4,3,4,4,3,2,1,3,3,2,2,6,1,6,1,6,3,3,3,3,3,3,NA,NA,NA,NA,NA,NA,NA,NA,NA,NA,NA,NA,NA,NA,NA,4,4,2,5,3,4,2,4,5,4,4,4,4,4,4,4,4,4,4,5,4,5,4,4,4,5,4,4,4,4,4,4,4,4,4,4,4,4,4,4,4,4,4,4,4,4,4,4,4,4,4,4,4,4,4,2,3,6,3,4,4,4,4,6,7,6,7,6,2,3,3,4,4,6,7,4,4,3,4,4,7,2,4,3,4,4,5,4,4,6,4,4,4,4,4,4,4,4,5,4,NA,NA,NA,NA,NA,NA,NA,4,3,5,4,6,4,4,4,4,4,4,4,4,4,4,4,4,4,4.416666667,3.666666667,5.75,3.75,4.25,3.6,4.3,2.857142857,3.333333333,3,NA,4,4,4.166666667,1,-3,-1,0
136,0,1,0,47,5,7,5,1,4,7,4,4,5,5,4,5,7,4,5,1,4,7,1,1,4,6,2,6,7,6,5,3,6,1,4,4,5,1,2,6,4,4,4,1,6,5,5,5,2,5,6,1,6,2,7,5,1,3,5,3,5,4,4,6,5,5,3,4,5,5,6,6,5,4,3,4,4,3,5,1,1,2,1,2,1,7,2,2,2,6,4,2,3,4,2,5,4,5,1,5,3,4,4,2,3,2,2,7,4,2,2,2,1,5,4,6,6,7,6,6,3,3,3,4,3,3,3,6,3,5,2,5,4,4,4,1,3,1,3,5,3,5,3,2,2,3,3,1,1,6,4,5,5,6,2,6,2,5,6,2,2,1,6,1,2,2,2,2,2,2,2,2,2,2,6,2,2,2,6,2,4,7,2,1,5,2,5,4,5,4,5,2,6,3,3,3,6,5,1,1,3,4,3,4,4,7,4,1,7,1,2,2,4,4,3,6,7,2,3,3,2,7,6,5,3,4,3,3,4,5,6,6,6,4,6,5,6,4,5,4,4,1,4,4,4,7,5,7,3,6,5,5,7,7,6,6,6,2,2,2,3,3,3,3,2,5,1,3.666666667,3.333333333,4.416666667,4.5,4.333333333,3.8,4.25,2,5.111111111,3.2,4.625,5.666666667,2.5,2.111111111,11,9,1,0
137,1,0,1,24,0,2,1,5,1,7,5,2,6,5,1,3,5,6,7,2,2,2,6,1,5,5,2,5,2,2,3,5,4,7,5,5,2,3,2,6,6,3,6,2,1,7,5,2,7,5,3,2,4,1,7,6,4,5,6,2,2,2,2,5,4,7,6,1,4,5,5,3,6,3,5,5,4,1,5,2,1,5,3,5,1,3,2,5,5,6,4,5,3,1,4,3,6,4,5,2,2,6,4,2,5,3,4,3,5,4,1,5,4,4,4,5,7,1,5,1,1,1,1,2,2,2,2,6,3,6,3,5,6,2,3,1,6,1,7,7,2,2,4,2,1,1,1,1,1,6,6,7,7,7,2,7,1,7,7,1,1,2,7,5,1,1,1,5,1,1,1,1,1,4,7,1,1,5,7,3,2,6,1,1,7,1,7,1,7,5,7,5,7,5,7,5,7,2,1,1,7,7,3,7,2,6,6,6,7,6,6,4,3,3,6,6,6,7,6,3,5,6,7,6,6,6,4,3,5,7,3,6,3,4,3,5,4,2,6,2,4,5,2,6,5,7,2,7,6,6,7,7,7,7,6,7,7,1,1,1,1,1,1,1,1,1,2,4.416666667,4.833333333,6.166666667,5.583333333,5.166666667,3.85,3.75,4,3.222222222,1.8,5.208333333,6.888888889,1.055555556,2.944444444,17,7,5,0
138,0,0,1,39,14,7,1,4,2,5,4,4,5,5,3,3,7,3,5,5,5,3,5,1,3,6,4,5,1,5,5,1,4,2,7,5,3,3,1,6,6,7,4,1,1,5,5,6,5,5,5,2,7,1,5,5,5,5,5,5,2,3,5,5,2,6,4,4,4,3,4,4,3,4,2,4,7,4,2,4,5,4,4,4,2,3,4,3,3,4,4,4,4,2,4,4,4,4,4,4,4,4,4,4,4,3,3,4,4,4,4,5,4,2,3,1,4,4,7,1,3,3,2,2,2,1,4,3,4,6,4,2,4,3,4,3,4,4,3,2,4,6,3,3,4,4,3,4,2,2,3,5,5,5,3,5,3,4,5,5,5,5,5,5,3,3,1,2,3,4,4,4,3,2,5,5,5,2,3,3,3,5,3,3,6,5,5,1,3,3,6,6,6,5,5,1,5,4,4,1,7,6,3,5,5,3,3,5,7,7,3,4,1,3,5,7,7,7,2,3,3,6,7,3,6,3,6,5,4,4,4,4,5,4,4,4,4,4,4,4,4,4,4,5,4,5,4,4,2,5,4,5,4,6,5,5,3,3,3,5,2,3,5,2,2,3,3,4.916666667,4.333333333,5.5,4.166666667,4.583333333,3.85,3.85,4,3.111111111,2.2,3.833333333,4.666666667,3.222222222,3.444444444,6,4,4,0
139,0,1,1,32,6,11,1,2,1,7,4,3,3,6,1,2,6,4,6,4,1,1,6,1,5,7,1,2,7,4,5,6,7,5,5,3,5,2,1,7,7,7,6,1,5,4,6,2,2,5,5,1,1,6,7,5,1,1,6,2,3,5,6,1,5,7,2,6,4,7,6,6,5,6,1,4,6,3,1,4,4,1,2,4,5,2,4,4,7,6,6,7,7,3,4,4,2,5,5,5,3,2,2,2,2,1,4,2,7,5,2,1,3,2,1,3,5,1,3,1,1,4,4,2,2,5,5,7,4,7,3,5,7,2,5,2,2,1,5,6,2,1,2,4,1,2,4,1,1,7,7,7,6,7,1,7,2,7,5,1,1,3,7,2,1,4,2,1,1,1,4,1,1,2,7,1,1,5,6,3,1,3,1,3,7,2,7,1,7,3,7,5,7,5,7,4,6,2,1,1,7,7,2,7,4,4,7,7,7,1,4,1,3,5,3,7,7,3,6,3,3,7,2,6,5,2,3,1,2,5,7,4,1,2,1,1,4,6,5,6,6,6,1,6,3,6,6,7,7,4,6,4,7,7,7,6,7,1,1,2,1,1,1,1,1,1,5,4.916666667,3,4.416666667,4.916666667,5.083333333,3.85,3.65,4,2.333333333,3.6,5,6.555555556,1.277777778,2.833333333,14,6,4,0
140,0,0,1,27,9,1,1,1,3,7,5,7,3,6,4,6,6,5,5,2,2,3,4,1,7,5,5,5,6,6,7,3,7,7,2,6,1,3,2,5,6,4,2,1,1,6,3,2,3,7,2,3,6,1,7,6,6,6,6,1,5,1,4,3,1,4,1,1,5,2,6,5,6,6,2,3,5,4,3,5,1,2,1,5,5,7,2,4,4,2,2,4,2,6,2,5,3,4,2,3,1,3,3,4,6,99,2,6,2,3,2,1,2,5,1,3,3,2,4,1,1,4,3,4,4,3,4,7,4,7,2,6,1,1,2,1,1,1,4,4,2,4,5,2,5,2,2,1,1,5,2,6,6,6,1,6,1,6,3,1,6,6,6,6,4,4,5,4,2,4,5,1,4,4,6,1,1,5,5,5,5,4,1,5,6,2,6,2,6,5,7,5,7,5,7,3,7,3,7,1,7,5,2,4,3,6,6,5,7,2,2,1,6,2,7,6,7,7,6,1,6,5,7,7,3,4,7,6,2,4,6,6,4,6,4,6,6,5,7,5,5,2,7,7,6,7,7,7,4,6,6,6,7,7,7,7,7,2,2,3,2,2,2,1,1,1,4,4.916666667,3.666666667,5,5.5,5.166666667,3.95,9.45,2,2.666666667,3.6,5.416666667,6,2.722222222,3.944444444,10,2,10,1
141,1,1,1,26,NA,8,2,4,5,7,3,5,7,6,2,6,4,2,7,1,6,5,7,4,4,7,1,7,2,5,6,4,6,7,7,3,3,3,2,6,7,6,6,4,1,7,2,1,7,4,4,6,7,1,7,5,1,7,7,6,2,6,6,7,2,6,5,5,4,5,7,5,6,7,4,3,4,6,2,2,6,6,5,5,4,4,2,2,7,7,5,7,3,1,5,5,6,6,4,6,2,5,5,5,1,1,5,2,7,7,5,2,5,6,4,1,1,4,1,1,1,4,3,2,3,4,4,6,6,6,7,7,2,3,2,2,1,3,7,5,6,4,7,3,7,3,3,2,4,6,7,7,6,7,2,6,2,6,6,3,2,2,6,3,2,1,1,6,1,1,1,1,1,6,6,2,2,4,6,5,4,4,2,4,6,4,6,2,4,6,6,5,7,6,7,3,7,5,2,2,6,3,2,6,6,7,2,3,4,6,3,2,1,5,5,6,4,7,7,4,4,2,7,2,6,2,6,3,1,2,2,6,1,3,1,5,3,2,6,3,3,6,6,5,6,6,7,5,4,5,5,5,6,4,6,6,5,2,2,2,2,2,4,2,1,1,4,3.75,5.416666667,5.583333333,5,5.333333333,3.95,3.55,5.285714286,2.555555556,3.2,5.875,6.111111111,1.888888889,3.611111111,12,8,2,0
142,1,0,1,18,1,0,5,3,4,5,5,4,5,5,1,3,4,3,6,5,4,3,5,3,4,4,5,3,3,5,4,5,5,5,5,5,3,3,4,5,5,5,5,4,2,4,4,3,4,5,7,6,3,4,5,4,4,3,5,3,4,6,4,4,5,4,4,1,3,2,2,6,3,2,6,3,3,3,6,6,1,3,6,4,1,3,3,3,1,2,2,3,3,3,3,3,3,3,5,3,1,3,3,5,4,3,3,3,3,2,2,1,3,5,2,3,5,2,5,5,2,2,2,2,2,2,2,1,4,1,4,1,7,7,4,7,4,7,4,5,4,7,4,7,1,7,6,7,7,1,4,1,2,4,4,2,7,4,2,7,6,6,2,7,1,7,1,4,6,4,1,1,1,1,2,1,4,4,4,4,4,4,4,4,6,4,5,5,4,5,5,7,5,7,4,4,6,2,4,4,3,4,3,7,5,3,4,5,5,5,3,3,3,3,5,4,4,6,5,3,1,2,4,5,4,4,3,6,6,5,5,5,7,6,5,5,5,5,7,5,5,5,1,1,4,1,4,1,1,1,1,2,1,1,4,1,1,6,6,4,2,3,4,3,3,4,4,4.333333333,3.916666667,4.416666667,4.333333333,3.75,4,4.45,2.714285714,3.444444444,2,2.208333333,2.333333333,3.5,4.388888889,8,0,4,1
143,0,0,1,53,20,3,3,2,2,6,5,5,6,6,2,6,6,4,6,2,3,2,2,5,5,6,5,3,2,5,6,3,6,5,6,2,2,5,2,6,7,3,3,6,1,6,5,3,6,2,2,5,7,2,6,6,3,6,7,3,2,5,5,5,2,6,4,3,2,4,5,5,3,4,2,5,6,4,4,5,4,5,6,6,4,3,5,7,3,6,5,4,3,5,4,5,4,6,5,5,3,4,4,6,4,5,6,3,6,5,2,3,5,6,2,3,3,2,6,2,2,1,4,2,3,1,4,4,4,5,3,6,4,7,5,5,5,3,3,4,4,6,3,5,3,2,6,6,5,3,5,5,6,5,5,5,6,6,4,3,5,3,3,5,4,3,5,5,5,3,5,4,3,3,3,5,5,3,3,5,6,6,5,3,3,5,3,3,4,6,5,6,5,3,4,3,1,2,5,6,5,6,2,6,4,6,5,6,3,6,3,2,2,6,6,6,2,7,5,6,6,3,6,5,6,3,6,4,4,4,3,3,5,3,4,5,4,4,5,4,4,5,4,1,3,3,3,5,2,3,6,2,2,3,3,2,5,5,5,5,5,5,4,3,3,4,2,4.583333333,4,5,5.333333333,5.916666667,4.1,4.75,4.571428571,3,2.8,3.5,4.555555556,4.555555556,3.888888889,-10,-8,-2,1
144,1,1,1,48,16,1,6,4,4,6,4,4,4,7,4,6,6,4,6,4,4,4,5,2,6,5,5,4,4,4,4,4,4,6,4,4,6,3,2,4,4,4,4,4,4,7,6,4,4,4,6,6,6,1,6,6,5,6,6,4,4,6,6,6,4,4,4,3,4,4,4,3,5,4,4,4,6,3,3,4,3,3,3,6,5,6,4,3,4,4,4,3,4,4,4,4,3,6,5,3,3,3,3,5,6,6,3,3,3,4,3,3,3,7,3,2,3,2,3,2,4,2,3,4,2,4,2,5,3,3,4,2,2,2,3,3,4,1,4,4,2,2,3,3,1,2,2,2,4,4,5,5,6,6,3,7,4.5,7,5,3,2,1,5,3,3,2,2,1,3,2,2,2,2,1,3,1,1,1,4,2,5,5,3,2,5,1,5,4,6,5,5,5,5,4,5,4,6,5,2,2,2,4,1,4,4,4,4,4,6,4,4,4,4,4,2,6,4,4,4,4,2,2,7,4,4,2,4,4,4,5,5,4,4,4,5,4,4,5,5,5,5,5,6,6,5,5,4,7,6,5,6,6,6,4,5,NA,5,3,5,4,3,3,2,3,3,3,3,4.166666667,4.166666667,5,4.5,4.5,4.25,4.55,3.428571429,3.111111111,3,4.416666667,5.75,2.888888889,2.444444444,9,7,1,0
145,1,0,1,53,3,10,1,1,1,7,2,5,7,7,1,2,7,2,7,1,2,2,4,1,7,6,7,2,2,4,2,2,7,1,3,6,1,1,1,6,4,5,5,1,1,7,7,4,6,4,5,2,2,2,7,2,6,1,2,1,5,5,7,3,2,4,2,3,6,1,5,5,7,3,6,7,7,2,1,2,1,1,7,2,4,2,1,6,1,1,1,1,1,4,1,7,1,7,7,7,1,1,1,7,4,7,1,1,1,1,1,1,1,4,1,2,4,7,5,3,1,4,2,2,2,1,4,6,4,5,4,2,6,3,5,2,2,2,7,6,2,7,7,1,1,3,6,3,1,4,7,5,2,7,4,5,1,2,5,4,2,6,7,4,1,2,1,5,2,1,1,1,1,7,6,1,1,7,7,1,1,3,1,5,7,1,7,7,5,4,6,6,6,7,7,1,6,1,4,1,7,7,1,7,6,7,6,6,7,6,4,1,5,2,7,7,7,7,4,4,3,6,6,7,3,1,6,7,5,6,7,7,7,7,7,7,7,7,7,7,7,7,2,5,3,6,6,6,1,7,5,2,5,7,4,7,4,1,2,1,1,1,3,2,2,1,5,5.833333333,2.916666667,5,6.166666667,3.583333333,4.6,6.35,1.857142857,3.444444444,2.2,4.583333333,4.555555556,1.388888889,3.944444444,12,2,8,1
146,0,1,1,33,13,4,2,5,3,6,3,5,4,4,6,4,6,4,2,4,2,3,3,2,6,6,5,5,3,7,4,6,6,6,6,5,2,2,2,5,6,7,3,5,2,5,6,4,5,5,4,1,6,1,6,5,4,4,6,3,5,5,7,6,2,6,6,2,4,4,4,4,4,2,3,5,5,4,6,6,6,2,4,6,6,6,2,4,3,6,3,4,2,4,4,5,4,6,6,6,2,3,2,5,5,2,3,6,2,2,1,1,2,5,2,4,6,2,2,2,5,5,2,2,2,2,4,5,4,5,6,4,6,3,6,2,4,2,6,5,4,4,5,4,4,3,2,2,2,3,4,5,5,6,3,5,4,5,6,5,5,5,4,5,3,3,3,3,3,4,5,4,3,5,5,3,4,5,5,5,5,2,2,5,3,4,5,5,5,5,3,5,5,6,5,4,5,3,5,5,6,5,4,2,4,4,6,5,6,5,1,2,2,3,6,6,3,6,4,3,4,7,7,5,3,1,6,4,6,4,6,6,5,5,4,6,4,4,6,5,6,2,2,5,2,6,4,6,4,4,5,6,6,6,5,4,3,4,3,3,5,3,3,5,3,3,6,5.666666667,3.583333333,5.083333333,4.333333333,4.583333333,4.85,5,1.857142857,3.666666667,2.4,4.625,4.888888889,3.611111111,4.555555556,2,-2,2,0
